,ALLSKY_SFC_SW_DWN,ALLSKY_TOA_SW_DWN,ALLSKY_KT,T2M,RH2M,PS,WS2M,WD2M,CLOUD_AMT
2023-01-01 00:00:00,0.0,,-999.0,7.6,66.63,99.51,1.38,313.5,32.11
2023-01-01 01:00:00,0.0,,-999.0,7.01,68.41,99.49,1.36,319.2,7.15
2023-01-01 02:00:00,0.0,,-999.0,6.95,68.69,99.49,1.32,320.9,55.02
2023-01-01 03:00:00,0.0,,-999.0,6.31,70.77,99.46,1.23,323.6,20.43
2023-01-01 04:00:00,0.0,,-999.0,6.12,71.02,99.45,1.18,324.7,52.28
2023-01-01 05:00:00,0.0,,-999.0,6.61,69.17,99.48,1.12,320.1,69.97
2023-01-01 06:00:00,0.0,,-999.0,6.71,67.92,99.54,1.12,309.5,49.85
2023-01-01 07:00:00,75.5,,0.36,8.16,67.12,99.6,0.82,295.9,48.73
2023-01-01 08:00:00,228.93,,0.5,10.93,54.77,99.66,1.49,280.0,29.63
2023-01-01 09:00:00,386.1,,0.59,13.65,49.1,99.74,1.33,275.2,24.05
2023-01-01 10:00:00,472.12,,0.59,17.9,37.18,99.76,1.52,284.5,32.82
2023-01-01 11:00:00,387.35,,0.45,19.41,32.75,99.71,1.55,293.6,61.26
2023-01-01 12:00:00,529.33,,0.62,20.03,31.01,99.65,1.4,302.4,12.55
2023-01-01 13:00:00,404.75,,0.52,20.21,30.32,99.59,1.17,316.0,48.95
2023-01-01 14:00:00,292.67,,0.47,19.82,30.42,99.53,1.0,324.4,74.97
2023-01-01 15:00:00,163.85,,0.41,18.88,35.09,99.51,0.68,327.0,69.26
2023-01-01 16:00:00,38.6,,0.27,17.13,40.8,99.5,0.55,308.3,93.68
2023-01-01 17:00:00,0.0,,-999.0,15.79,39.57,99.54,0.68,289.8,62.31
2023-01-01 18:00:00,0.0,,-999.0,14.91,41.61,99.59,0.74,278.6,47.88
2023-01-01 19:00:00,0.0,,-999.0,14.3,42.61,99.62,0.7,265.1,21.94
2023-01-01 20:00:00,0.0,,-999.0,13.73,43.52,99.64,0.65,255.8,17.62
2023-01-01 21:00:00,0.0,,-999.0,13.2,44.23,99.67,0.58,257.2,37.14
2023-01-01 22:00:00,0.0,,-999.0,12.56,46.01,99.67,0.57,279.1,57.92
2023-01-01 23:00:00,0.0,,-999.0,11.78,48.78,99.67,0.69,304.4,68.96
2023-01-02 00:00:00,0.0,,-999.0,10.41,54.3,99.65,0.82,320.5,80.01
2023-01-02 01:00:00,0.0,,-999.0,9.59,58.03,99.63,0.94,327.2,87.2
2023-01-02 02:00:00,0.0,,-999.0,9.07,60.9,99.59,0.99,329.8,90.18
2023-01-02 03:00:00,0.0,,-999.0,8.54,63.8,99.54,0.95,330.2,93.84
2023-01-02 04:00:00,0.0,,-999.0,7.81,67.78,99.51,0.87,321.5,96.61
2023-01-02 05:00:00,0.0,,-999.0,7.03,72.03,99.58,1.03,298.3,98.85
2023-01-02 06:00:00,0.0,,-999.0,5.85,78.03,99.68,1.15,289.2,99.42
2023-01-02 07:00:00,27.12,,0.13,6.73,75.43,99.75,0.95,290.3,95.04
2023-01-02 08:00:00,98.55,,0.22,9.78,62.01,99.82,1.93,293.2,97.09
2023-01-02 09:00:00,187.75,,0.29,12.36,53.93,99.86,1.54,296.6,96.06
2023-01-02 10:00:00,259.6,,0.32,16.58,40.45,99.85,1.17,303.1,95.91
2023-01-02 11:00:00,271.5,,0.31,18.41,35.87,99.79,0.95,298.2,99.66
2023-01-02 12:00:00,328.12,,0.38,19.24,33.67,99.71,1.09,289.8,95.13
2023-01-02 13:00:00,268.48,,0.35,19.49,32.57,99.65,1.35,281.6,84.18
2023-01-02 14:00:00,273.77,,0.44,19.15,32.53,99.61,1.44,275.6,26.82
2023-01-02 15:00:00,152.85,,0.38,18.19,35.6,99.58,1.21,271.9,29.21
2023-01-02 16:00:00,33.92,,0.23,15.49,46.7,99.6,0.83,270.0,70.19
2023-01-02 17:00:00,0.0,,-999.0,13.96,44.68,99.65,0.97,273.0,23.18
2023-01-02 18:00:00,0.0,,-999.0,13.04,46.0,99.74,0.94,282.9,50.81
2023-01-02 19:00:00,0.0,,-999.0,12.3,46.87,99.8,0.87,297.5,64.62
2023-01-02 20:00:00,0.0,,-999.0,11.56,47.94,99.84,0.89,311.4,72.89
2023-01-02 21:00:00,0.0,,-999.0,11.0,48.41,99.83,1.01,323.5,90.02
2023-01-02 22:00:00,0.0,,-999.0,10.03,50.86,99.81,1.13,333.2,92.75
2023-01-02 23:00:00,0.0,,-999.0,8.75,55.43,99.79,1.25,331.8,97.22
2023-01-03 00:00:00,0.0,,-999.0,7.94,58.08,99.73,1.25,332.4,96.13
2023-01-03 01:00:00,0.0,,-999.0,7.16,60.59,99.67,1.25,331.8,99.26
2023-01-03 02:00:00,0.0,,-999.0,6.24,64.19,99.63,1.26,326.3,99.89
2023-01-03 03:00:00,0.0,,-999.0,5.48,66.94,99.62,1.25,320.2,99.91
2023-01-03 04:00:00,0.0,,-999.0,4.96,68.49,99.61,1.23,313.0,99.91
2023-01-03 05:00:00,0.0,,-999.0,4.57,69.27,99.64,1.22,305.6,99.93
2023-01-03 06:00:00,0.0,,-999.0,4.11,70.63,99.72,1.2,298.3,99.39
2023-01-03 07:00:00,30.9,,0.15,5.93,66.55,99.8,1.16,290.8,98.26
2023-01-03 08:00:00,95.1,,0.21,8.99,52.91,99.88,2.3,285.9,98.69
2023-01-03 09:00:00,164.73,,0.25,11.81,46.74,99.95,1.95,282.1,99.11
2023-01-03 10:00:00,230.55,,0.29,16.42,34.83,99.93,2.41,311.3,99.43
2023-01-03 11:00:00,246.85,,0.28,18.1,32.75,99.85,2.58,320.2,100.0
2023-01-03 12:00:00,295.42,,0.34,18.84,31.6,99.73,2.71,323.1,90.39
2023-01-03 13:00:00,242.25,,0.31,19.05,30.95,99.67,2.96,323.5,86.31
2023-01-03 14:00:00,234.6,,0.38,18.37,32.05,99.62,2.92,322.7,29.18
2023-01-03 15:00:00,124.03,,0.3,17.03,37.25,99.61,2.34,317.6,35.06
2023-01-03 16:00:00,29.17,,0.2,13.09,53.84,99.66,1.26,310.2,44.26
2023-01-03 17:00:00,0.0,,-999.0,10.29,58.85,99.71,1.39,308.9,7.73
2023-01-03 18:00:00,0.0,,-999.0,9.22,60.26,99.77,1.48,310.4,4.42
2023-01-03 19:00:00,0.0,,-999.0,8.21,61.03,99.82,1.55,313.2,5.96
2023-01-03 20:00:00,0.0,,-999.0,7.23,61.5,99.84,1.55,316.3,12.08
2023-01-03 21:00:00,0.0,,-999.0,6.31,62.34,99.84,1.52,318.7,19.83
2023-01-03 22:00:00,0.0,,-999.0,5.45,63.67,99.82,1.45,319.2,34.77
2023-01-03 23:00:00,0.0,,-999.0,4.65,65.42,99.78,1.37,318.5,62.97
2023-01-04 00:00:00,0.0,,-999.0,3.94,67.55,99.73,1.32,318.1,79.55
2023-01-04 01:00:00,0.0,,-999.0,3.34,69.62,99.7,1.32,316.8,81.45
2023-01-04 02:00:00,0.0,,-999.0,2.86,71.16,99.68,1.35,313.5,99.92
2023-01-04 03:00:00,0.0,,-999.0,2.54,71.7,99.66,1.44,311.3,99.93
2023-01-04 04:00:00,0.0,,-999.0,2.27,71.54,99.66,1.55,310.8,99.95
2023-01-04 05:00:00,0.0,,-999.0,2.04,70.74,99.72,1.63,309.8,99.96
2023-01-04 06:00:00,0.0,,-999.0,1.83,70.03,99.79,1.65,309.1,100.0
2023-01-04 07:00:00,25.8,,0.12,3.84,60.36,99.85,2.57,309.9,93.89
2023-01-04 08:00:00,93.47,,0.21,6.14,52.62,99.91,2.73,309.5,96.19
2023-01-04 09:00:00,165.65,,0.25,9.32,46.73,99.93,2.04,307.8,97.13
2023-01-04 10:00:00,228.95,,0.29,13.7,38.31,99.88,2.18,327.8,99.63
2023-01-04 11:00:00,266.02,,0.31,15.69,36.63,99.82,1.81,329.5,81.47
2023-01-04 12:00:00,274.33,,0.32,16.9,35.87,99.75,1.58,324.8,81.33
2023-01-04 13:00:00,335.9,,0.43,17.48,35.84,99.7,1.52,309.1,18.62
2023-01-04 14:00:00,272.85,,0.43,17.39,36.92,99.67,1.59,291.7,0.55
2023-01-04 15:00:00,130.02,,0.31,16.55,40.71,99.66,1.51,281.8,34.81
2023-01-04 16:00:00,34.22,,0.22,13.15,56.48,99.67,0.94,278.0,58.8
2023-01-04 17:00:00,0.0,,-999.0,10.9,57.34,99.69,1.19,284.2,47.2
2023-01-04 18:00:00,0.0,,-999.0,9.87,60.27,99.72,1.21,296.6,35.52
2023-01-04 19:00:00,0.0,,-999.0,8.82,64.01,99.76,1.22,309.0,23.84
2023-01-04 20:00:00,0.0,,-999.0,7.91,67.21,99.78,1.22,318.0,12.15
2023-01-04 21:00:00,0.0,,-999.0,7.12,69.69,99.81,1.23,322.9,58.05
2023-01-04 22:00:00,0.0,,-999.0,6.36,72.1,99.82,1.22,326.0,66.85
2023-01-04 23:00:00,0.0,,-999.0,5.63,74.26,99.81,1.2,326.6,76.79
2023-01-05 00:00:00,0.0,,-999.0,4.94,76.07,99.81,1.17,324.0,83.98
2023-01-05 01:00:00,0.0,,-999.0,4.3,77.43,99.79,1.14,318.9,89.18
2023-01-05 02:00:00,0.0,,-999.0,3.66,78.56,99.76,1.13,313.6,97.22
2023-01-05 03:00:00,0.0,,-999.0,3.05,79.48,99.73,1.13,307.8,99.93
2023-01-05 04:00:00,0.0,,-999.0,2.49,80.09,99.73,1.13,300.2,99.94
2023-01-05 05:00:00,0.0,,-999.0,1.99,81.01,99.78,1.17,292.6,99.95
2023-01-05 06:00:00,0.0,,-999.0,1.61,81.45,99.87,1.24,287.9,99.96
2023-01-05 07:00:00,16.02,,0.08,3.92,69.78,99.97,2.09,287.2,98.66
2023-01-05 08:00:00,58.38,,0.13,6.33,60.04,100.05,2.57,288.4,98.79
2023-01-05 09:00:00,103.45,,0.16,9.4,52.53,100.09,1.95,289.8,99.92
2023-01-05 10:00:00,175.35,,0.22,13.1,42.04,100.07,2.18,302.5,98.87
2023-01-05 11:00:00,254.2,,0.29,15.35,37.33,100.01,2.07,302.2,98.79
2023-01-05 12:00:00,257.27,,0.3,16.75,34.85,99.92,2.04,299.7,97.72
2023-01-05 13:00:00,394.12,,0.5,17.53,33.46,99.83,2.05,298.9,37.86
2023-01-05 14:00:00,328.17,,0.52,17.51,34.12,99.77,2.02,301.0,13.22
2023-01-05 15:00:00,174.88,,0.42,16.58,38.3,99.76,1.65,303.9,46.74
2023-01-05 16:00:00,43.72,,0.28,12.96,54.05,99.79,0.97,306.2,66.23
2023-01-05 17:00:00,0.0,,-999.0,10.76,54.01,99.83,1.2,310.6,0.55
2023-01-05 18:00:00,0.0,,-999.0,9.79,56.22,99.9,1.19,318.4,4.97
2023-01-05 19:00:00,0.0,,-999.0,8.9,59.02,99.96,1.18,326.0,24.32
2023-01-05 20:00:00,0.0,,-999.0,8.08,61.53,100.0,1.19,328.7,85.68
2023-01-05 21:00:00,0.0,,-999.0,7.52,62.39,100.0,1.18,327.8,82.87
2023-01-05 22:00:00,0.0,,-999.0,7.07,62.89,99.96,1.15,324.5,95.02
2023-01-05 23:00:00,0.0,,-999.0,6.35,64.56,99.93,1.17,315.3,99.44
2023-01-06 00:00:00,0.0,,-999.0,5.42,67.43,99.92,1.2,307.9,99.99
2023-01-06 01:00:00,0.0,,-999.0,4.52,70.25,99.88,1.23,306.4,99.94
2023-01-06 02:00:00,0.0,,-999.0,3.68,72.88,99.83,1.24,308.4,99.99
2023-01-06 03:00:00,0.0,,-999.0,2.8,75.62,99.8,1.24,309.7,99.96
2023-01-06 04:00:00,0.0,,-999.0,2.03,78.09,99.82,1.27,305.7,99.97
2023-01-06 05:00:00,0.0,,-999.0,1.56,79.18,99.88,1.31,299.7,99.97
2023-01-06 06:00:00,0.0,,-999.0,1.23,79.69,99.94,1.29,295.2,100.0
2023-01-06 07:00:00,34.17,,0.17,3.89,68.17,100.0,1.52,295.7,88.82
2023-01-06 08:00:00,109.38,,0.24,6.96,55.75,100.07,2.44,296.0,90.49
2023-01-06 09:00:00,206.07,,0.31,10.07,47.38,100.13,1.81,291.0,95.06
2023-01-06 10:00:00,288.17,,0.36,14.07,33.5,100.12,1.82,302.2,99.05
2023-01-06 11:00:00,326.33,,0.37,15.68,31.44,100.05,1.47,292.9,96.79
2023-01-06 12:00:00,358.08,,0.41,16.8,30.16,99.97,1.38,275.8,99.62
2023-01-06 13:00:00,386.98,,0.49,17.27,30.15,99.9,1.55,261.5,63.71
2023-01-06 14:00:00,304.35,,0.48,17.14,31.12,99.86,1.77,260.6,39.13
2023-01-06 15:00:00,155.52,,0.37,16.28,35.97,99.84,1.47,268.1,91.64
2023-01-06 16:00:00,43.7,,0.27,12.97,49.99,99.84,0.98,276.5,98.23
2023-01-06 17:00:00,0.0,,-999.0,10.72,50.21,99.88,1.25,288.7,7.28
2023-01-06 18:00:00,0.0,,-999.0,9.38,52.52,99.93,1.31,300.3,4.7
2023-01-06 19:00:00,0.0,,-999.0,8.48,53.81,99.98,1.32,307.9,2.21
2023-01-06 20:00:00,0.0,,-999.0,7.96,53.36,99.98,1.3,312.5,9.93
2023-01-06 21:00:00,0.0,,-999.0,7.45,53.07,99.96,1.27,315.0,18.84
2023-01-06 22:00:00,0.0,,-999.0,7.05,52.61,99.91,1.23,322.3,42.53
2023-01-06 23:00:00,0.0,,-999.0,6.37,53.59,99.84,1.21,326.4,67.38
2023-01-07 00:00:00,0.0,,-999.0,5.15,57.77,99.82,1.26,321.1,87.84
2023-01-07 01:00:00,0.0,,-999.0,3.84,61.92,99.81,1.28,319.1,95.58
2023-01-07 02:00:00,0.0,,-999.0,2.94,64.27,99.78,1.28,318.5,95.14
2023-01-07 03:00:00,0.0,,-999.0,2.43,64.65,99.75,1.28,314.1,99.43
2023-01-07 04:00:00,0.0,,-999.0,2.71,63.15,99.74,1.2,306.2,99.95
2023-01-07 05:00:00,0.0,,-999.0,2.12,63.41,99.76,1.23,298.0,98.86
2023-01-07 06:00:00,0.0,,-999.0,1.7,63.74,99.78,1.28,290.1,99.99
2023-01-07 07:00:00,30.4,,0.15,4.2,58.05,99.82,1.43,284.6,96.39
2023-01-07 08:00:00,114.0,,0.25,7.83,42.91,99.86,2.76,283.0,97.0
2023-01-07 09:00:00,216.23,,0.33,11.02,37.92,99.89,2.32,281.7,97.21
2023-01-07 10:00:00,321.27,,0.4,15.3,28.47,99.86,2.92,295.3,94.88
2023-01-07 11:00:00,495.85,,0.56,17.76,25.43,99.78,3.19,300.1,41.67
2023-01-07 12:00:00,571.22,,0.65,19.37,23.88,99.67,3.27,301.7,2.76
2023-01-07 13:00:00,511.3,,0.65,20.17,23.32,99.59,3.18,302.3,2.44
2023-01-07 14:00:00,377.77,,0.59,20.02,24.0,99.54,2.9,304.2,13.21
2023-01-07 15:00:00,209.55,,0.49,18.54,34.43,99.52,1.66,305.4,23.65
2023-01-07 16:00:00,54.75,,0.33,14.36,47.76,99.53,1.14,305.4,33.52
2023-01-07 17:00:00,0.0,,-999.0,11.95,48.54,99.59,1.32,306.1,7.49
2023-01-07 18:00:00,0.0,,-999.0,10.67,50.76,99.65,1.37,307.3,18.04
2023-01-07 19:00:00,0.0,,-999.0,9.61,52.11,99.68,1.41,307.5,18.59
2023-01-07 20:00:00,0.0,,-999.0,8.76,53.07,99.68,1.43,306.5,6.08
2023-01-07 21:00:00,0.0,,-999.0,8.01,53.9,99.65,1.44,305.7,2.76
2023-01-07 22:00:00,0.0,,-999.0,7.32,54.75,99.6,1.42,304.7,18.46
2023-01-07 23:00:00,0.0,,-999.0,6.69,55.67,99.52,1.43,303.6,24.86
2023-01-08 00:00:00,0.0,,-999.0,6.13,56.64,99.47,1.45,302.0,45.86
2023-01-08 01:00:00,0.0,,-999.0,5.64,57.53,99.43,1.51,300.6,54.16
2023-01-08 02:00:00,0.0,,-999.0,5.22,58.49,99.38,1.6,300.4,81.76
2023-01-08 03:00:00,0.0,,-999.0,4.87,59.55,99.36,1.7,300.8,93.37
2023-01-08 04:00:00,0.0,,-999.0,4.54,61.32,99.37,1.73,300.1,97.79
2023-01-08 05:00:00,0.0,,-999.0,4.26,63.14,99.41,1.77,297.6,99.46
2023-01-08 06:00:00,0.0,,-999.0,4.09,64.52,99.46,1.83,293.9,100.0
2023-01-08 07:00:00,33.8,,0.17,6.42,56.04,99.5,2.79,290.1,97.69
2023-01-08 08:00:00,96.9,,0.21,9.18,47.54,99.55,2.94,282.6,97.24
2023-01-08 09:00:00,178.12,,0.27,12.69,41.13,99.59,2.33,269.3,97.97
2023-01-08 10:00:00,245.43,,0.3,17.3,30.31,99.56,2.89,283.2,94.09
2023-01-08 11:00:00,387.1,,0.44,20.11,24.26,99.49,3.27,291.7,68.22
2023-01-08 12:00:00,505.7,,0.58,21.8,21.84,99.39,3.12,294.6,37.39
2023-01-08 13:00:00,489.42,,0.62,22.67,21.16,99.32,2.85,298.4,24.44
2023-01-08 14:00:00,368.95,,0.58,22.4,22.85,99.27,2.41,303.0,19.98
2023-01-08 15:00:00,213.62,,0.5,20.51,38.2,99.26,1.12,301.1,15.42
2023-01-08 16:00:00,58.08,,0.35,17.21,43.0,99.27,1.12,292.7,10.5
2023-01-08 17:00:00,0.0,,-999.0,15.85,37.92,99.3,1.21,287.2,6.11
2023-01-08 18:00:00,0.0,,-999.0,15.0,38.68,99.4,1.21,282.0,37.56
2023-01-08 19:00:00,0.0,,-999.0,13.87,41.14,99.46,1.26,280.1,43.83
2023-01-08 20:00:00,0.0,,-999.0,12.83,43.62,99.5,1.31,282.3,22.75
2023-01-08 21:00:00,0.0,,-999.0,11.88,45.87,99.52,1.34,284.7,40.94
2023-01-08 22:00:00,0.0,,-999.0,11.25,47.11,99.52,1.34,290.5,61.86
2023-01-08 23:00:00,0.0,,-999.0,10.58,48.74,99.49,1.33,298.7,75.68
2023-01-09 00:00:00,0.0,,-999.0,9.54,51.31,99.46,1.35,304.7,82.87
2023-01-09 01:00:00,0.0,,-999.0,8.58,54.3,99.44,1.34,309.3,81.48
2023-01-09 02:00:00,0.0,,-999.0,7.86,57.17,99.42,1.31,309.8,93.33
2023-01-09 03:00:00,0.0,,-999.0,7.22,60.19,99.41,1.3,306.9,96.1
2023-01-09 04:00:00,0.0,,-999.0,6.69,63.41,99.44,1.31,303.2,98.77
2023-01-09 05:00:00,0.0,,-999.0,6.23,67.16,99.49,1.31,302.8,91.05
2023-01-09 06:00:00,0.0,,-999.0,5.86,71.35,99.56,1.26,305.0,94.43
2023-01-09 07:00:00,24.02,,0.12,7.99,66.88,99.62,1.18,307.1,88.33
2023-01-09 08:00:00,80.93,,0.18,11.28,54.25,99.69,2.2,304.3,96.21
2023-01-09 09:00:00,162.85,,0.25,14.05,47.94,99.75,1.69,291.9,97.44
2023-01-09 10:00:00,257.52,,0.32,18.31,36.3,99.74,2.04,291.9,98.77
2023-01-09 11:00:00,251.65,,0.29,21.4,25.45,99.67,2.69,292.8,98.97
2023-01-09 12:00:00,420.35,,0.48,21.25,24.97,99.58,2.56,285.0,87.43
2023-01-09 13:00:00,395.5,,0.5,20.86,25.69,99.52,2.39,275.8,91.31
2023-01-09 14:00:00,290.38,,0.45,20.41,27.59,99.48,2.09,271.4,93.54
2023-01-09 15:00:00,160.4,,0.37,19.18,38.28,99.45,1.18,270.5,96.62
2023-01-09 16:00:00,43.53,,0.25,16.37,47.57,99.45,0.98,273.5,96.81
2023-01-09 17:00:00,0.0,,-999.0,14.71,42.4,99.49,1.16,282.0,99.8
2023-01-09 18:00:00,0.0,,-999.0,14.12,42.69,99.55,1.13,290.7,99.85
2023-01-09 19:00:00,0.0,,-999.0,13.66,42.67,99.56,1.0,305.6,99.74
2023-01-09 20:00:00,0.0,,-999.0,13.81,43.25,99.53,0.85,331.0,99.11
2023-01-09 21:00:00,0.0,,-999.0,13.47,44.12,99.54,0.95,328.3,88.15
2023-01-09 22:00:00,0.0,,-999.0,11.9,48.68,99.56,1.19,326.3,83.63
2023-01-09 23:00:00,0.0,,-999.0,10.7,54.32,99.54,1.21,326.4,80.49
2023-01-10 00:00:00,0.0,,-999.0,9.93,57.31,99.53,1.21,326.8,81.49
2023-01-10 01:00:00,0.0,,-999.0,9.53,58.99,99.5,1.25,327.7,80.8
2023-01-10 02:00:00,0.0,,-999.0,8.91,60.51,99.47,1.28,327.8,78.24
2023-01-10 03:00:00,0.0,,-999.0,7.67,62.62,99.44,1.29,327.1,92.68
2023-01-10 04:00:00,0.0,,-999.0,7.0,63.65,99.43,1.26,324.0,100.0
2023-01-10 05:00:00,0.0,,-999.0,6.55,64.68,99.45,1.25,318.9,100.0
2023-01-10 06:00:00,0.0,,-999.0,6.18,66.05,99.5,1.26,311.8,100.0
2023-01-10 07:00:00,29.08,,0.14,8.76,59.35,99.56,1.62,303.4,97.68
2023-01-10 08:00:00,96.45,,0.21,11.65,48.37,99.63,2.74,294.8,97.22
2023-01-10 09:00:00,169.93,,0.26,14.49,43.28,99.68,2.4,283.5,94.07
2023-01-10 10:00:00,251.9,,0.31,18.6,28.18,99.63,2.85,289.3,90.22
2023-01-10 11:00:00,359.75,,0.41,20.21,25.67,99.53,2.91,289.7,87.79
2023-01-10 12:00:00,444.83,,0.5,21.19,25.21,99.42,2.97,291.3,59.85
2023-01-10 13:00:00,471.1,,0.59,21.64,25.85,99.33,3.1,293.3,3.31
2023-01-10 14:00:00,359.3,,0.55,21.35,28.05,99.27,3.11,294.7,4.78
2023-01-10 15:00:00,208.57,,0.48,20.18,35.76,99.23,2.18,297.0,7.65
2023-01-10 16:00:00,59.75,,0.34,16.18,52.52,99.22,1.16,304.5,43.6
2023-01-10 17:00:00,0.0,,-999.0,13.46,57.07,99.26,1.29,313.4,23.2
2023-01-10 18:00:00,0.0,,-999.0,12.54,60.32,99.31,1.29,317.2,1.66
2023-01-10 19:00:00,0.0,,-999.0,11.8,63.46,99.33,1.27,317.9,6.06
2023-01-10 20:00:00,0.0,,-999.0,11.03,66.78,99.33,1.27,314.4,12.71
2023-01-10 21:00:00,0.0,,-999.0,10.26,70.41,99.31,1.29,312.8,22.45
2023-01-10 22:00:00,0.0,,-999.0,9.56,74.05,99.3,1.38,311.8,45.85
2023-01-10 23:00:00,0.0,,-999.0,8.93,77.64,99.25,1.39,313.2,58.0
2023-01-11 00:00:00,0.0,,-999.0,8.36,81.53,99.21,1.44,312.8,87.34
2023-01-11 01:00:00,0.0,,-999.0,7.8,85.56,99.17,1.44,314.2,90.61
2023-01-11 02:00:00,0.0,,-999.0,7.27,89.13,99.12,1.36,315.6,97.77
2023-01-11 03:00:00,0.0,,-999.0,7.76,86.59,99.05,1.17,317.1,99.44
2023-01-11 04:00:00,0.0,,-999.0,7.35,89.17,99.01,1.03,311.9,96.01
2023-01-11 05:00:00,0.0,,-999.0,7.16,90.49,99.01,1.06,301.9,97.07
2023-01-11 06:00:00,0.0,,-999.0,7.07,91.27,99.08,1.04,287.4,92.25
2023-01-11 07:00:00,22.17,,0.11,9.32,79.59,99.14,1.17,275.4,91.69
2023-01-11 08:00:00,102.28,,0.22,11.92,67.63,99.19,1.95,265.0,93.47
2023-01-11 09:00:00,199.35,,0.3,14.61,59.14,99.22,1.47,245.5,97.67
2023-01-11 10:00:00,305.1,,0.38,19.18,43.94,99.17,1.69,235.1,98.55
2023-01-11 11:00:00,364.1,,0.41,21.74,35.95,99.04,2.06,231.9,82.59
2023-01-11 12:00:00,394.27,,0.45,22.56,33.29,98.92,2.26,231.7,89.2
2023-01-11 13:00:00,447.52,,0.56,22.83,32.1,98.82,2.15,228.6,44.5
2023-01-11 14:00:00,350.55,,0.54,22.17,33.86,98.76,1.63,218.8,23.85
2023-01-11 15:00:00,204.0,,0.46,20.86,44.79,98.74,0.63,182.7,12.82
2023-01-11 16:00:00,58.25,,0.32,17.89,54.5,98.74,0.84,116.3,65.22
2023-01-11 17:00:00,0.0,,-999.0,14.83,58.14,98.79,1.25,104.8,7.17
2023-01-11 18:00:00,0.0,,-999.0,13.61,61.16,98.87,1.45,101.2,14.98
2023-01-11 19:00:00,0.0,,-999.0,12.86,63.21,98.94,1.57,98.4,35.79
2023-01-11 20:00:00,0.0,,-999.0,12.27,64.96,98.99,1.6,99.0,65.17
2023-01-11 21:00:00,0.0,,-999.0,11.83,66.54,99.01,1.58,101.0,84.92
2023-01-11 22:00:00,0.0,,-999.0,11.38,68.43,99.0,1.51,100.3,99.84
2023-01-11 23:00:00,0.0,,-999.0,11.59,68.63,98.97,1.51,97.2,99.82
2023-01-12 00:00:00,0.0,,-999.0,11.34,71.16,98.94,1.58,95.8,99.77
2023-01-12 01:00:00,0.0,,-999.0,10.96,73.92,98.92,1.67,94.8,99.64
2023-01-12 02:00:00,0.0,,-999.0,10.52,77.08,98.87,1.64,93.8,99.76
2023-01-12 03:00:00,0.0,,-999.0,9.82,81.01,98.84,1.5,95.4,99.77
2023-01-12 04:00:00,0.0,,-999.0,9.32,83.9,98.82,1.36,99.3,99.18
2023-01-12 05:00:00,0.0,,-999.0,8.95,86.18,98.85,1.23,106.5,92.05
2023-01-12 06:00:00,0.0,,-999.0,8.71,88.06,98.9,1.12,115.9,82.11
2023-01-12 07:00:00,68.32,,0.33,10.16,85.53,98.97,1.6,126.4,66.16
2023-01-12 08:00:00,210.65,,0.46,11.36,81.57,99.01,2.28,131.4,85.6
2023-01-12 09:00:00,361.55,,0.54,13.26,77.5,99.05,2.38,133.0,40.45
2023-01-12 10:00:00,492.08,,0.6,16.23,63.45,99.01,2.76,136.5,26.99
2023-01-12 11:00:00,525.47,,0.59,18.64,53.84,98.91,3.07,138.4,17.91
2023-01-12 12:00:00,526.08,,0.59,20.01,50.79,98.78,3.06,139.9,25.66
2023-01-12 13:00:00,420.95,,0.52,20.71,49.87,98.68,2.93,144.0,60.54
2023-01-12 14:00:00,314.65,,0.48,20.77,50.49,98.61,2.7,148.5,78.38
2023-01-12 15:00:00,182.73,,0.41,19.93,56.4,98.6,1.95,149.9,90.18
2023-01-12 16:00:00,57.12,,0.31,17.14,70.95,98.6,0.92,143.4,88.64
2023-01-12 17:00:00,0.0,,-999.0,15.05,74.5,98.62,1.12,135.4,56.69
2023-01-12 18:00:00,0.0,,-999.0,14.19,77.82,98.68,1.14,128.6,61.63
2023-01-12 19:00:00,0.0,,-999.0,13.47,80.56,98.71,1.18,125.0,60.52
2023-01-12 20:00:00,0.0,,-999.0,13.04,82.15,98.74,1.28,124.2,58.66
2023-01-12 21:00:00,0.0,,-999.0,12.75,82.88,98.76,1.42,123.8,50.31
2023-01-12 22:00:00,0.0,,-999.0,12.82,82.6,98.75,1.58,122.1,35.63
2023-01-12 23:00:00,0.0,,-999.0,12.54,83.79,98.73,1.7,120.0,17.52
2023-01-13 00:00:00,0.0,,-999.0,12.12,85.9,98.71,1.81,119.1,21.42
2023-01-13 01:00:00,0.0,,-999.0,11.67,88.25,98.7,1.92,120.7,22.85
2023-01-13 02:00:00,0.0,,-999.0,11.24,90.67,98.69,1.81,123.5,18.66
2023-01-13 03:00:00,0.0,,-999.0,11.01,92.3,98.68,1.72,125.5,43.16
2023-01-13 04:00:00,0.0,,-999.0,10.95,92.8,98.68,1.79,128.0,65.62
2023-01-13 05:00:00,0.0,,-999.0,10.73,94.57,98.72,1.82,126.3,89.98
2023-01-13 06:00:00,0.0,,-999.0,10.68,95.57,98.8,1.85,124.6,94.37
2023-01-13 07:00:00,58.05,,0.28,12.35,88.7,98.88,2.84,124.8,88.55
2023-01-13 08:00:00,166.95,,0.36,14.14,83.18,98.96,3.16,125.3,83.51
2023-01-13 09:00:00,298.48,,0.45,17.61,69.1,99.04,3.39,129.7,87.61
2023-01-13 10:00:00,373.23,,0.46,20.4,58.32,99.04,3.47,134.9,75.67
2023-01-13 11:00:00,345.5,,0.39,21.62,54.74,98.98,3.05,138.8,95.72
2023-01-13 12:00:00,323.6,,0.36,22.24,53.13,98.89,2.63,143.3,96.21
2023-01-13 13:00:00,256.3,,0.32,22.27,53.17,98.82,2.21,147.2,77.66
2023-01-13 14:00:00,196.93,,0.3,22.04,53.78,98.78,1.72,150.5,92.26
2023-01-13 15:00:00,120.97,,0.27,21.38,56.43,98.78,1.14,151.2,91.51
2023-01-13 16:00:00,45.38,,0.24,19.99,62.89,98.8,0.5,126.9,96.81
2023-01-13 17:00:00,0.0,,-999.0,18.99,63.53,98.84,0.62,88.2,61.1
2023-01-13 18:00:00,0.0,,-999.0,18.58,65.23,98.92,0.77,74.9,61.31
2023-01-13 19:00:00,0.0,,-999.0,18.04,67.14,98.98,0.82,68.5,62.18
2023-01-13 20:00:00,0.0,,-999.0,17.46,68.8,99.03,0.82,64.1,75.67
2023-01-13 21:00:00,0.0,,-999.0,16.92,70.48,99.06,0.8,55.1,83.04
2023-01-13 22:00:00,0.0,,-999.0,16.3,73.06,99.06,0.79,42.4,91.14
2023-01-13 23:00:00,0.0,,-999.0,15.55,76.82,99.05,0.78,22.6,92.8
2023-01-14 00:00:00,0.0,,-999.0,14.5,82.38,99.03,0.87,354.7,92.24
2023-01-14 01:00:00,0.0,,-999.0,13.01,90.32,99.01,0.95,331.8,96.41
2023-01-14 02:00:00,0.0,,-999.0,12.02,94.46,99.0,1.09,320.2,93.87
2023-01-14 03:00:00,0.0,,-999.0,11.36,94.92,98.99,1.52,317.4,96.1
2023-01-14 04:00:00,0.0,,-999.0,10.63,93.77,99.03,2.24,319.3,97.23
2023-01-14 05:00:00,0.0,,-999.0,9.58,91.82,99.11,2.67,322.1,99.99
2023-01-14 06:00:00,0.0,,-999.0,8.63,86.82,99.19,2.95,323.7,99.99
2023-01-14 07:00:00,36.4,,0.18,8.91,74.84,99.26,3.5,322.8,95.74
2023-01-14 08:00:00,118.95,,0.26,10.68,60.7,99.33,3.39,321.2,97.75
2023-01-14 09:00:00,248.4,,0.37,14.23,44.87,99.39,3.27,319.6,91.78
2023-01-14 10:00:00,340.7,,0.42,17.91,35.31,99.39,3.67,321.8,56.63
2023-01-14 11:00:00,404.85,,0.45,19.52,34.42,99.32,3.35,312.9,39.26
2023-01-14 12:00:00,426.33,,0.48,20.23,33.91,99.2,3.24,303.3,34.13
2023-01-14 13:00:00,445.05,,0.55,20.32,33.09,99.13,3.37,297.2,11.01
2023-01-14 14:00:00,340.4,,0.51,19.55,32.33,99.09,3.38,294.3,8.84
2023-01-14 15:00:00,197.95,,0.44,18.19,33.07,99.07,3.0,293.7,14.37
2023-01-14 16:00:00,61.38,,0.31,14.62,44.28,99.08,1.64,293.0,9.12
2023-01-14 17:00:00,0.0,,-999.0,11.34,46.76,99.13,1.66,294.2,1.1
2023-01-14 18:00:00,0.0,,-999.0,9.91,43.41,99.19,1.78,297.1,3.87
2023-01-14 19:00:00,0.0,,-999.0,8.53,40.67,99.26,1.83,299.5,6.65
2023-01-14 20:00:00,0.0,,-999.0,7.19,39.4,99.28,1.84,303.3,43.16
2023-01-14 21:00:00,0.0,,-999.0,6.12,39.04,99.28,1.91,307.1,40.46
2023-01-14 22:00:00,0.0,,-999.0,5.14,39.43,99.27,1.93,310.0,39.86
2023-01-14 23:00:00,0.0,,-999.0,4.26,40.0,99.24,1.93,312.1,23.67
2023-01-15 00:00:00,0.0,,-999.0,3.45,40.91,99.2,1.9,313.7,22.0
2023-01-15 01:00:00,0.0,,-999.0,2.74,42.15,99.16,1.86,316.1,0.06
2023-01-15 02:00:00,0.0,,-999.0,2.1,44.09,99.11,1.78,315.9,20.8
2023-01-15 03:00:00,0.0,,-999.0,1.53,46.14,99.07,1.73,313.6,45.69
2023-01-15 04:00:00,0.0,,-999.0,1.08,47.89,99.05,1.73,310.3,49.57
2023-01-15 05:00:00,0.0,,-999.0,0.7,49.49,99.09,1.76,306.2,55.13
2023-01-15 06:00:00,0.0,,-999.0,0.45,51.18,99.15,1.81,300.1,2.76
2023-01-15 07:00:00,109.0,,0.53,3.05,41.89,99.23,2.99,291.4,2.07
2023-01-15 08:00:00,307.73,,0.67,5.83,36.05,99.3,2.93,282.0,1.38
2023-01-15 09:00:00,496.9,,0.74,9.76,32.19,99.32,2.49,274.6,0.69
2023-01-15 10:00:00,637.95,,0.78,14.82,23.63,99.29,3.56,301.5,0.0
2023-01-15 11:00:00,685.5,,0.76,16.44,21.88,99.21,3.54,299.5,0.0
2023-01-15 12:00:00,685.83,,0.76,17.26,21.39,99.1,3.59,296.5,0.0
2023-01-15 13:00:00,606.33,,0.74,17.61,21.22,99.02,3.68,297.3,9.33
2023-01-15 14:00:00,462.77,,0.69,17.24,21.8,98.98,3.6,298.7,18.29
2023-01-15 15:00:00,275.27,,0.6,16.08,24.84,98.96,3.01,298.6,27.18
2023-01-15 16:00:00,90.1,,0.45,12.05,42.06,98.95,1.33,294.4,33.96
2023-01-15 17:00:00,0.0,,-999.0,8.79,47.41,98.97,1.33,289.4,4.42
2023-01-15 18:00:00,0.0,,-999.0,7.82,47.67,99.02,1.33,285.3,15.0
2023-01-15 19:00:00,0.0,,-999.0,6.94,47.96,99.08,1.34,279.9,33.75
2023-01-15 20:00:00,0.0,,-999.0,6.11,48.11,99.13,1.38,276.7,21.54
2023-01-15 21:00:00,0.0,,-999.0,5.42,48.17,99.14,1.4,278.2,14.55
2023-01-15 22:00:00,0.0,,-999.0,4.77,48.37,99.13,1.44,282.0,8.43
2023-01-15 23:00:00,0.0,,-999.0,4.35,48.47,99.13,1.47,287.8,1.66
2023-01-16 00:00:00,0.0,,-999.0,3.99,48.92,99.11,1.5,294.3,12.62
2023-01-16 01:00:00,0.0,,-999.0,3.51,49.99,99.08,1.54,301.7,6.34
2023-01-16 02:00:00,0.0,,-999.0,3.07,51.75,99.04,1.51,306.6,12.02
2023-01-16 03:00:00,0.0,,-999.0,2.6,53.72,99.04,1.47,308.7,17.68
2023-01-16 04:00:00,0.0,,-999.0,2.08,55.98,99.05,1.42,308.7,23.34
2023-01-16 05:00:00,0.0,,-999.0,1.65,57.31,99.12,1.41,305.5,29.0
2023-01-16 06:00:00,0.0,,-999.0,1.36,57.86,99.2,1.38,302.0,34.66
2023-01-16 07:00:00,98.12,,0.47,4.36,48.32,99.28,1.98,299.7,40.45
2023-01-16 08:00:00,285.83,,0.62,7.45,36.88,99.34,2.65,294.3,31.48
2023-01-16 09:00:00,467.83,,0.69,10.92,32.62,99.41,2.13,283.3,22.43
2023-01-16 10:00:00,607.17,,0.74,15.73,24.36,99.41,2.95,304.5,24.5
2023-01-16 11:00:00,648.88,,0.72,17.74,21.74,99.33,3.13,306.7,0.55
2023-01-16 12:00:00,647.67,,0.72,18.59,20.89,99.23,3.16,307.4,18.46
2023-01-16 13:00:00,579.72,,0.7,18.92,20.3,99.16,3.18,309.1,0.55
2023-01-16 14:00:00,441.67,,0.66,18.53,20.79,99.12,3.04,312.1,11.15
2023-01-16 15:00:00,258.25,,0.56,17.38,26.42,99.09,2.26,314.8,20.9
2023-01-16 16:00:00,83.5,,0.41,13.14,44.67,99.1,1.15,312.9,27.89
2023-01-16 17:00:00,0.0,,-999.0,10.24,46.13,99.14,1.34,309.9,24.75
2023-01-16 18:00:00,0.0,,-999.0,9.25,47.16,99.22,1.36,307.0,18.58
2023-01-16 19:00:00,0.0,,-999.0,8.36,48.24,99.28,1.38,305.5,12.4
2023-01-16 20:00:00,0.0,,-999.0,7.51,49.29,99.31,1.39,305.6,6.23
2023-01-16 21:00:00,0.0,,-999.0,6.64,50.85,99.3,1.41,307.0,0.07
2023-01-16 22:00:00,0.0,,-999.0,5.82,52.77,99.28,1.46,309.2,1.66
2023-01-16 23:00:00,0.0,,-999.0,5.14,54.41,99.25,1.54,312.4,2.21
2023-01-17 00:00:00,0.0,,-999.0,4.55,56.29,99.21,1.61,317.8,0.09
2023-01-17 01:00:00,0.0,,-999.0,3.99,57.93,99.15,1.65,323.1,0.1
2023-01-17 02:00:00,0.0,,-999.0,3.41,59.51,99.11,1.65,325.3,0.11
2023-01-17 03:00:00,0.0,,-999.0,2.84,60.26,99.09,1.62,323.6,2.76
2023-01-17 04:00:00,0.0,,-999.0,2.27,60.77,99.1,1.54,318.7,3.87
2023-01-17 05:00:00,0.0,,-999.0,1.76,60.99,99.13,1.49,313.6,7.12
2023-01-17 06:00:00,0.0,,-999.0,1.42,60.89,99.19,1.47,306.4,9.02
2023-01-17 07:00:00,100.25,,0.48,4.55,50.31,99.25,2.2,299.1,10.73
2023-01-17 08:00:00,292.98,,0.63,7.7,39.73,99.32,2.83,291.6,7.27
2023-01-17 09:00:00,475.27,,0.7,11.3,35.01,99.38,2.31,281.0,3.62
2023-01-17 10:00:00,611.22,,0.74,16.3,23.66,99.4,3.03,297.3,0.0
2023-01-17 11:00:00,625.78,,0.69,18.66,16.6,99.34,3.75,302.5,9.22
2023-01-17 12:00:00,630.83,,0.7,19.25,15.99,99.25,3.68,300.2,4.89
2023-01-17 13:00:00,568.92,,0.69,19.32,16.05,99.17,3.58,300.4,1.03
2023-01-17 14:00:00,440.38,,0.65,18.73,16.94,99.14,3.48,301.1,2.71
2023-01-17 15:00:00,266.55,,0.57,17.31,23.1,99.14,2.51,303.6,4.39
2023-01-17 16:00:00,90.28,,0.43,12.82,40.28,99.14,1.28,305.8,4.24
2023-01-17 17:00:00,0.0,,-999.0,9.64,43.27,99.18,1.38,307.9,4.86
2023-01-17 18:00:00,0.0,,-999.0,8.64,44.19,99.24,1.39,308.9,3.65
2023-01-17 19:00:00,0.0,,-999.0,7.73,44.92,99.29,1.39,307.7,2.43
2023-01-17 20:00:00,0.0,,-999.0,6.92,45.43,99.34,1.4,306.3,1.22
2023-01-17 21:00:00,0.0,,-999.0,6.15,46.07,99.37,1.4,306.9,0.0
2023-01-17 22:00:00,0.0,,-999.0,5.61,46.08,99.37,1.39,306.8,0.26
2023-01-17 23:00:00,0.0,,-999.0,4.74,47.66,99.38,1.39,307.7,0.52
2023-01-18 00:00:00,0.0,,-999.0,3.99,49.06,99.39,1.38,309.7,0.78
2023-01-18 01:00:00,0.0,,-999.0,3.45,49.53,99.37,1.35,312.9,1.04
2023-01-18 02:00:00,0.0,,-999.0,2.88,50.29,99.34,1.36,318.0,1.31
2023-01-18 03:00:00,0.0,,-999.0,2.38,50.78,99.32,1.38,319.4,76.79
2023-01-18 04:00:00,0.0,,-999.0,2.0,50.82,99.32,1.37,321.2,65.38
2023-01-18 05:00:00,0.0,,-999.0,1.71,50.98,99.35,1.34,324.4,21.65
2023-01-18 06:00:00,0.0,,-999.0,1.57,51.06,99.4,1.31,324.6,10.98
2023-01-18 07:00:00,97.62,,0.46,4.5,48.52,99.49,1.31,321.8,4.42
2023-01-18 08:00:00,288.6,,0.62,8.16,32.13,99.57,2.13,313.7,3.51
2023-01-18 09:00:00,467.45,,0.69,11.39,29.44,99.66,1.57,293.3,2.6
2023-01-18 10:00:00,599.5,,0.72,16.21,20.92,99.68,2.07,302.8,1.69
2023-01-18 11:00:00,621.67,,0.69,18.15,17.88,99.62,2.2,298.8,1.13
2023-01-18 12:00:00,624.28,,0.69,17.82,18.47,99.53,2.14,298.7,0.56
2023-01-18 13:00:00,558.22,,0.67,17.72,18.73,99.46,2.1,296.9,0.0
2023-01-18 14:00:00,430.98,,0.63,17.83,18.75,99.4,2.11,296.4,0.55
2023-01-18 15:00:00,260.33,,0.56,16.78,23.53,99.36,1.5,296.9,0.74
2023-01-18 16:00:00,88.9,,0.41,13.52,39.06,99.33,0.92,295.7,0.92
2023-01-18 17:00:00,0.0,,-999.0,11.61,33.82,99.36,1.13,292.9,1.1
2023-01-18 18:00:00,0.0,,-999.0,10.86,33.86,99.43,1.14,296.6,3.59
2023-01-18 19:00:00,0.0,,-999.0,10.25,34.14,99.49,1.14,309.0,5.86
2023-01-18 20:00:00,0.0,,-999.0,9.18,37.52,99.53,1.24,322.9,2.21
2023-01-18 21:00:00,0.0,,-999.0,7.78,42.17,99.56,1.35,333.1,13.52
2023-01-18 22:00:00,0.0,,-999.0,6.46,47.98,99.55,1.36,338.0,35.22
2023-01-18 23:00:00,0.0,,-999.0,5.79,52.31,99.5,1.31,340.9,51.83
2023-01-19 00:00:00,0.0,,-999.0,5.46,55.26,99.44,1.27,343.1,64.43
2023-01-19 01:00:00,0.0,,-999.0,4.75,58.77,99.39,1.29,337.6,64.0
2023-01-19 02:00:00,0.0,,-999.0,4.28,61.49,99.36,1.27,332.4,74.86
2023-01-19 03:00:00,0.0,,-999.0,3.89,64.37,99.34,1.26,330.0,79.84
2023-01-19 04:00:00,0.0,,-999.0,3.72,66.55,99.35,1.23,328.0,98.16
2023-01-19 05:00:00,0.0,,-999.0,4.04,67.06,99.41,1.14,323.2,84.28
2023-01-19 06:00:00,0.0,,-999.0,4.49,66.54,99.5,1.04,317.7,76.43
2023-01-19 07:00:00,79.65,,0.38,6.51,63.46,99.57,0.9,311.8,61.83
2023-01-19 08:00:00,243.18,,0.52,9.13,50.22,99.63,1.59,297.7,42.51
2023-01-19 09:00:00,416.95,,0.61,11.74,44.52,99.68,1.3,273.5,33.64
2023-01-19 10:00:00,553.03,,0.66,15.66,34.49,99.67,1.24,254.1,19.64
2023-01-19 11:00:00,574.78,,0.63,18.03,27.03,99.6,1.2,252.5,22.27
2023-01-19 12:00:00,567.1,,0.62,18.91,24.83,99.49,1.1,261.1,28.62
2023-01-19 13:00:00,517.7,,0.62,19.09,24.6,99.4,0.94,281.1,35.49
2023-01-19 14:00:00,371.65,,0.54,19.24,24.99,99.33,0.76,305.4,52.93
2023-01-19 15:00:00,223.3,,0.47,18.54,31.01,99.3,0.6,323.1,90.29
2023-01-19 16:00:00,76.95,,0.35,16.74,38.15,99.28,0.51,348.7,91.16
2023-01-19 17:00:00,0.0,,-999.0,15.74,32.59,99.29,0.65,26.6,99.55
2023-01-19 18:00:00,0.0,,-999.0,15.08,33.26,99.31,0.72,71.3,99.59
2023-01-19 19:00:00,0.0,,-999.0,13.55,37.35,99.33,0.79,111.4,100.0
2023-01-19 20:00:00,0.0,,-999.0,12.55,39.89,99.36,0.9,140.8,100.0
2023-01-19 21:00:00,0.0,,-999.0,12.7,39.19,99.4,0.88,168.2,99.91
2023-01-19 22:00:00,0.0,,-999.0,13.68,35.52,99.35,0.4,130.9,100.0
2023-01-19 23:00:00,0.0,,-999.0,13.33,35.48,99.27,0.48,41.6,99.98
2023-01-20 00:00:00,0.0,,-999.0,12.14,38.56,99.22,0.75,17.9,100.0
2023-01-20 01:00:00,0.0,,-999.0,10.09,45.46,99.2,0.93,5.5,100.0
2023-01-20 02:00:00,0.0,,-999.0,8.42,53.6,99.18,1.26,8.6,100.0
2023-01-20 03:00:00,0.0,,-999.0,6.46,63.74,99.16,1.43,15.0,99.93
2023-01-20 04:00:00,0.0,,-999.0,5.82,72.29,99.16,1.61,18.4,99.66
2023-01-20 05:00:00,0.0,,-999.0,5.4,82.44,99.22,1.65,18.3,87.16
2023-01-20 06:00:00,0.0,,-999.0,4.91,93.61,99.31,1.54,14.7,35.03
2023-01-20 07:00:00,69.43,,0.32,7.12,87.02,99.41,2.13,8.6,35.39
2023-01-20 08:00:00,221.23,,0.47,9.79,76.71,99.47,2.4,3.1,16.63
2023-01-20 09:00:00,362.67,,0.53,13.54,60.91,99.51,1.59,1.4,20.49
2023-01-20 10:00:00,481.48,,0.58,18.49,35.87,99.47,1.16,61.7,21.9
2023-01-20 11:00:00,467.4,,0.51,20.48,29.22,99.36,0.94,102.9,27.46
2023-01-20 12:00:00,504.73,,0.55,21.54,26.48,99.22,0.77,122.9,17.96
2023-01-20 13:00:00,408.8,,0.49,22.04,25.47,99.12,0.61,132.3,31.43
2023-01-20 14:00:00,325.23,,0.47,21.82,25.98,99.06,0.44,143.4,29.81
2023-01-20 15:00:00,180.35,,0.38,21.01,29.53,99.06,0.22,174.8,51.45
2023-01-20 16:00:00,50.28,,0.22,19.22,35.91,99.07,0.31,240.9,72.34
2023-01-20 17:00:00,0.0,,-999.0,17.43,35.82,99.11,0.62,284.0,15.83
2023-01-20 18:00:00,0.0,,-999.0,15.34,43.5,99.19,1.05,318.1,20.3
2023-01-20 19:00:00,0.0,,-999.0,12.83,54.87,99.27,1.47,338.8,41.12
2023-01-20 20:00:00,0.0,,-999.0,10.86,66.8,99.32,1.54,350.3,13.11
2023-01-20 21:00:00,0.0,,-999.0,9.81,76.65,99.35,1.66,353.8,2.87
2023-01-20 22:00:00,0.0,,-999.0,9.1,83.0,99.34,1.81,355.9,1.99
2023-01-20 23:00:00,0.0,,-999.0,8.51,87.22,99.32,1.78,0.0,1.1
2023-01-21 00:00:00,0.0,,-999.0,7.98,90.84,99.3,1.61,4.3,1.17
2023-01-21 01:00:00,0.0,,-999.0,7.52,94.17,99.27,1.44,6.8,1.24
2023-01-21 02:00:00,0.0,,-999.0,7.14,96.79,99.25,1.27,8.1,1.1
2023-01-21 03:00:00,0.0,,-999.0,6.87,98.24,99.21,1.18,10.7,4.42
2023-01-21 04:00:00,0.0,,-999.0,6.74,98.3,99.19,1.13,14.9,9.37
2023-01-21 05:00:00,0.0,,-999.0,7.05,95.01,99.24,1.13,20.2,11.58
2023-01-21 06:00:00,0.0,,-999.0,7.83,88.94,99.31,1.01,24.5,7.73
2023-01-21 07:00:00,61.35,,0.28,9.66,78.77,99.38,0.58,19.1,85.04
2023-01-21 08:00:00,177.68,,0.38,11.97,68.49,99.45,0.53,341.2,78.24
2023-01-21 09:00:00,344.62,,0.5,15.08,56.78,99.49,0.39,299.2,0.0
2023-01-21 10:00:00,461.02,,0.55,19.96,35.38,99.46,0.48,203.4,3.87
2023-01-21 11:00:00,385.58,,0.42,21.47,30.9,99.35,0.68,210.0,65.84
2023-01-21 12:00:00,473.85,,0.51,22.18,29.56,99.23,0.8,221.5,26.85
2023-01-21 13:00:00,411.2,,0.49,22.4,29.19,99.13,0.87,231.5,13.84
2023-01-21 14:00:00,287.35,,0.41,22.09,29.78,99.06,0.91,237.5,0.55
2023-01-21 15:00:00,183.32,,0.38,21.16,34.23,99.03,0.78,238.2,0.55
2023-01-21 16:00:00,53.1,,0.23,18.86,42.08,99.03,0.62,237.6,25.43
2023-01-21 17:00:00,0.0,,-999.0,17.74,39.39,99.04,0.71,239.5,22.12
2023-01-21 18:00:00,0.0,,-999.0,17.04,40.86,99.09,0.63,245.5,17.78
2023-01-21 19:00:00,0.0,,-999.0,16.37,42.23,99.12,0.52,263.4,13.43
2023-01-21 20:00:00,0.0,,-999.0,15.66,43.4,99.14,0.55,303.1,9.08
2023-01-21 21:00:00,0.0,,-999.0,14.42,46.04,99.14,0.79,336.0,4.73
2023-01-21 22:00:00,0.0,,-999.0,12.48,53.0,99.12,1.08,353.1,0.39
2023-01-21 23:00:00,0.0,,-999.0,10.61,61.2,99.08,1.26,1.4,1.1
2023-01-22 00:00:00,0.0,,-999.0,9.26,68.34,99.07,1.24,7.4,7.12
2023-01-22 01:00:00,0.0,,-999.0,8.6,72.72,99.04,1.23,13.6,1.1
2023-01-22 02:00:00,0.0,,-999.0,8.24,75.36,99.01,1.21,18.3,18.81
2023-01-22 03:00:00,0.0,,-999.0,8.09,76.56,98.99,1.19,22.7,8.26
2023-01-22 04:00:00,0.0,,-999.0,8.3,75.63,99.01,1.19,26.6,20.95
2023-01-22 05:00:00,0.0,,-999.0,8.74,73.03,99.06,1.17,32.7,25.9
2023-01-22 06:00:00,0.0,,-999.0,9.19,70.35,99.14,1.06,41.2,34.68
2023-01-22 07:00:00,51.9,,0.24,10.71,65.55,99.22,0.74,47.2,98.27
2023-01-22 08:00:00,156.93,,0.33,13.17,57.87,99.29,0.8,54.1,90.37
2023-01-22 09:00:00,281.0,,0.41,15.73,49.95,99.34,0.6,63.4,90.25
2023-01-22 10:00:00,403.58,,0.48,20.45,35.01,99.32,1.29,113.4,37.06
2023-01-22 11:00:00,451.73,,0.49,22.51,30.08,99.24,1.34,123.5,4.44
2023-01-22 12:00:00,425.17,,0.46,23.24,29.3,99.14,1.17,122.5,51.07
2023-01-22 13:00:00,382.95,,0.45,23.47,29.26,99.07,1.03,115.3,41.88
2023-01-22 14:00:00,272.3,,0.39,23.15,30.04,99.03,0.89,102.3,23.23
2023-01-22 15:00:00,159.62,,0.33,22.21,36.05,99.01,0.63,86.4,27.76
2023-01-22 16:00:00,53.3,,0.23,20.03,43.1,99.03,0.63,65.5,51.77
2023-01-22 17:00:00,0.0,,-999.0,18.14,42.75,99.06,0.76,52.5,19.07
2023-01-22 18:00:00,0.0,,-999.0,17.41,43.67,99.12,0.92,44.1,7.47
2023-01-22 19:00:00,0.0,,-999.0,16.61,45.13,99.16,1.04,39.5,8.6
2023-01-22 20:00:00,0.0,,-999.0,15.87,46.61,99.19,1.06,38.5,24.48
2023-01-22 21:00:00,0.0,,-999.0,15.06,48.37,99.2,1.09,37.9,16.46
2023-01-22 22:00:00,0.0,,-999.0,13.76,52.01,99.19,1.2,34.1,9.5
2023-01-22 23:00:00,0.0,,-999.0,12.16,57.52,99.18,1.25,29.6,1.66
2023-01-23 00:00:00,0.0,,-999.0,10.9,62.14,99.16,1.32,28.5,3.31
2023-01-23 01:00:00,0.0,,-999.0,10.16,64.89,99.14,1.46,29.5,3.31
2023-01-23 02:00:00,0.0,,-999.0,9.51,67.77,99.11,1.51,32.3,19.92
2023-01-23 03:00:00,0.0,,-999.0,8.9,70.59,99.09,1.41,36.6,6.98
2023-01-23 04:00:00,0.0,,-999.0,8.42,72.63,99.07,1.23,41.7,7.02
2023-01-23 05:00:00,0.0,,-999.0,8.2,72.88,99.12,1.11,48.7,1.1
2023-01-23 06:00:00,0.0,,-999.0,8.63,69.7,99.18,1.07,59.1,0.55
2023-01-23 07:00:00,53.03,,0.24,10.81,65.14,99.25,0.7,76.0,67.53
2023-01-23 08:00:00,169.77,,0.36,13.26,53.08,99.34,0.6,104.5,6.83
2023-01-23 09:00:00,288.8,,0.42,16.11,46.52,99.39,0.29,123.7,2.76
2023-01-23 10:00:00,420.38,,0.5,21.39,34.53,99.33,1.93,128.5,13.97
2023-01-23 11:00:00,500.08,,0.54,23.48,32.12,99.19,2.55,128.8,3.86
2023-01-23 12:00:00,489.33,,0.53,24.41,30.74,99.04,2.62,126.5,2.21
2023-01-23 13:00:00,415.3,,0.49,24.78,29.73,98.92,2.64,130.1,42.68
2023-01-23 14:00:00,289.2,,0.41,24.08,31.09,98.85,2.45,139.0,88.37
2023-01-23 15:00:00,168.88,,0.34,22.26,43.42,98.8,1.16,149.9,87.2
2023-01-23 16:00:00,55.3,,0.23,19.57,53.02,98.78,0.91,170.5,90.86
2023-01-23 17:00:00,0.0,,-999.0,18.16,51.42,98.8,1.1,186.3,11.35
2023-01-23 18:00:00,0.0,,-999.0,17.71,52.22,98.84,1.08,196.1,7.09
2023-01-23 19:00:00,0.0,,-999.0,17.34,51.64,98.87,1.05,204.1,24.09
2023-01-23 20:00:00,0.0,,-999.0,17.02,51.65,98.89,0.94,205.2,55.05
2023-01-23 21:00:00,0.0,,-999.0,16.63,53.62,98.91,0.77,198.9,86.25
2023-01-23 22:00:00,0.0,,-999.0,17.08,52.03,98.91,0.64,187.1,99.74
2023-01-23 23:00:00,0.0,,-999.0,16.98,52.36,98.9,0.49,157.1,97.05
2023-01-24 00:00:00,0.0,,-999.0,16.43,54.72,98.89,0.55,106.8,99.79
2023-01-24 01:00:00,0.0,,-999.0,15.06,61.21,98.88,0.78,89.3,81.84
2023-01-24 02:00:00,0.0,,-999.0,14.29,66.44,98.86,0.98,90.6,95.27
2023-01-24 03:00:00,0.0,,-999.0,13.28,74.55,98.84,0.98,98.2,96.37
2023-01-24 04:00:00,0.0,,-999.0,12.84,79.61,98.86,1.08,108.9,99.32
2023-01-24 05:00:00,0.0,,-999.0,12.67,83.02,98.91,1.38,114.9,87.32
2023-01-24 06:00:00,0.0,,-999.0,12.59,86.54,98.98,1.82,116.4,55.03
2023-01-24 07:00:00,40.6,,0.18,13.07,88.22,99.05,2.75,114.5,77.85
2023-01-24 08:00:00,101.0,,0.21,13.73,89.49,99.13,3.24,111.6,97.68
2023-01-24 09:00:00,171.7,,0.25,14.82,88.22,99.2,3.39,107.7,96.47
2023-01-24 10:00:00,234.68,,0.28,16.21,83.42,99.19,3.73,107.2,99.4
2023-01-24 11:00:00,245.5,,0.26,18.27,74.81,99.11,4.03,114.3,97.52
2023-01-24 12:00:00,215.05,,0.23,20.77,65.36,98.97,4.17,124.8,97.11
2023-01-24 13:00:00,172.32,,0.2,22.11,60.49,98.85,4.43,134.5,91.59
2023-01-24 14:00:00,131.65,,0.19,22.22,60.21,98.77,4.57,141.0,97.98
2023-01-24 15:00:00,75.78,,0.15,21.24,64.47,98.73,4.07,142.5,99.43
2023-01-24 16:00:00,37.62,,0.16,19.25,73.9,98.74,2.7,138.2,67.66
2023-01-24 17:00:00,1.35,,0.1,17.08,84.17,98.79,2.08,132.3,90.97
2023-01-24 18:00:00,0.0,,-999.0,15.87,90.46,98.87,2.01,127.1,87.65
2023-01-24 19:00:00,0.0,,-999.0,14.99,95.12,98.92,1.81,122.1,79.94
2023-01-24 20:00:00,0.0,,-999.0,14.38,98.11,98.95,1.78,122.6,80.72
2023-01-24 21:00:00,0.0,,-999.0,14.03,99.68,98.96,1.86,126.9,78.29
2023-01-24 22:00:00,0.0,,-999.0,13.45,100.0,98.94,1.68,130.4,21.17
2023-01-24 23:00:00,0.0,,-999.0,12.77,100.0,98.92,1.45,131.6,33.46
2023-01-25 00:00:00,0.0,,-999.0,12.22,100.0,98.92,1.28,133.4,33.05
2023-01-25 01:00:00,0.0,,-999.0,11.8,100.0,98.93,1.2,136.3,61.59
2023-01-25 02:00:00,0.0,,-999.0,11.47,100.0,98.93,1.13,137.5,13.66
2023-01-25 03:00:00,0.0,,-999.0,11.21,100.0,98.93,1.05,137.3,10.97
2023-01-25 04:00:00,0.0,,-999.0,11.11,100.0,98.94,1.03,136.6,20.32
2023-01-25 05:00:00,0.0,,-999.0,11.03,100.0,99.0,1.04,135.4,20.38
2023-01-25 06:00:00,0.0,,-999.0,10.86,100.0,99.07,1.03,134.2,56.83
2023-01-25 07:00:00,35.95,,0.16,12.82,98.17,99.14,1.04,133.8,70.14
2023-01-25 08:00:00,82.88,,0.17,14.95,92.32,99.22,1.82,130.8,95.5
2023-01-25 09:00:00,143.93,,0.21,17.05,84.28,99.3,2.19,131.5,94.74
2023-01-25 10:00:00,141.35,,0.17,19.32,71.8,99.29,2.44,138.0,100.0
2023-01-25 11:00:00,141.95,,0.15,21.07,62.68,99.21,2.39,144.7,100.0
2023-01-25 12:00:00,136.12,,0.15,21.84,58.65,99.1,2.14,149.7,98.61
2023-01-25 13:00:00,127.85,,0.15,21.94,57.09,98.99,1.78,152.1,100.0
2023-01-25 14:00:00,82.53,,0.12,21.66,56.83,98.93,1.34,156.3,100.0
2023-01-25 15:00:00,46.4,,0.09,21.06,58.45,98.92,0.8,157.9,99.45
2023-01-25 16:00:00,39.6,,0.17,20.1,65.57,98.95,0.18,73.6,62.2
2023-01-25 17:00:00,1.88,,0.12,18.93,66.82,99.0,0.53,17.4,96.05
2023-01-25 18:00:00,0.0,,-999.0,17.95,71.58,99.09,0.73,10.2,93.84
2023-01-25 19:00:00,0.0,,-999.0,16.99,76.2,99.18,0.78,3.7,90.0
2023-01-25 20:00:00,0.0,,-999.0,16.26,79.6,99.23,0.82,355.1,81.14
2023-01-25 21:00:00,0.0,,-999.0,15.84,80.74,99.25,0.92,344.9,77.84
2023-01-25 22:00:00,0.0,,-999.0,15.46,79.95,99.26,1.21,334.5,88.84
2023-01-25 23:00:00,0.0,,-999.0,15.02,77.25,99.26,2.16,328.1,87.68
2023-01-26 00:00:00,0.0,,-999.0,14.27,74.78,99.28,3.01,328.2,75.54
2023-01-26 01:00:00,0.0,,-999.0,13.39,73.2,99.26,3.17,330.8,90.91
2023-01-26 02:00:00,0.0,,-999.0,12.72,71.52,99.24,3.19,332.0,94.92
2023-01-26 03:00:00,0.0,,-999.0,12.04,71.62,99.21,2.96,334.0,91.09
2023-01-26 04:00:00,0.0,,-999.0,10.71,77.47,99.21,2.17,336.6,80.02
2023-01-26 05:00:00,0.0,,-999.0,9.79,84.0,99.25,1.84,339.3,67.84
2023-01-26 06:00:00,0.0,,-999.0,9.28,90.37,99.32,1.68,341.2,60.66
2023-01-26 07:00:00,33.88,,0.15,10.9,85.29,99.41,2.62,341.6,95.31
2023-01-26 08:00:00,87.28,,0.18,13.23,76.44,99.5,2.25,334.8,98.5
2023-01-26 09:00:00,205.75,,0.29,17.6,56.03,99.54,1.99,338.8,96.89
2023-01-26 10:00:00,171.25,,0.2,20.22,48.95,99.49,1.59,329.7,100.0
2023-01-26 11:00:00,198.02,,0.21,21.81,44.78,99.4,1.47,303.4,100.0
2023-01-26 12:00:00,248.2,,0.26,22.66,42.01,99.29,1.81,291.3,91.15
2023-01-26 13:00:00,249.65,,0.29,22.92,40.36,99.2,2.21,292.4,56.55
2023-01-26 14:00:00,210.43,,0.29,22.52,39.76,99.14,2.6,297.0,49.66
2023-01-26 15:00:00,126.8,,0.25,21.21,41.75,99.13,2.88,301.1,56.75
2023-01-26 16:00:00,46.65,,0.19,18.19,51.14,99.17,2.04,303.0,48.04
2023-01-26 17:00:00,2.47,,0.15,15.0,57.12,99.25,2.16,305.0,30.32
2023-01-26 18:00:00,0.0,,-999.0,13.93,55.5,99.34,2.83,307.7,19.3
2023-01-26 19:00:00,0.0,,-999.0,12.53,56.59,99.41,2.81,309.4,11.03
2023-01-26 20:00:00,0.0,,-999.0,11.29,58.12,99.46,2.6,310.3,8.2
2023-01-26 21:00:00,0.0,,-999.0,10.34,58.76,99.47,2.44,311.2,4.42
2023-01-26 22:00:00,0.0,,-999.0,9.46,59.5,99.45,2.3,312.4,10.96
2023-01-26 23:00:00,0.0,,-999.0,8.66,60.37,99.41,2.17,312.9,4.97
2023-01-27 00:00:00,0.0,,-999.0,7.9,61.46,99.38,2.05,312.6,14.1
2023-01-27 01:00:00,0.0,,-999.0,7.22,62.65,99.35,2.02,312.6,1.66
2023-01-27 02:00:00,0.0,,-999.0,6.64,63.55,99.32,2.02,312.6,1.29
2023-01-27 03:00:00,0.0,,-999.0,6.13,64.46,99.29,2.0,312.2,0.92
2023-01-27 04:00:00,0.0,,-999.0,5.68,65.64,99.31,1.99,310.7,0.55
2023-01-27 05:00:00,0.0,,-999.0,5.3,66.89,99.35,2.0,309.3,0.55
2023-01-27 06:00:00,0.0,,-999.0,5.08,67.78,99.41,2.06,306.9,6.02
2023-01-27 07:00:00,67.28,,0.29,7.08,59.54,99.48,3.21,301.8,11.04
2023-01-27 08:00:00,203.3,,0.42,9.57,52.59,99.55,2.95,292.6,7.46
2023-01-27 09:00:00,388.62,,0.55,13.41,44.73,99.6,2.82,286.3,3.83
2023-01-27 10:00:00,532.33,,0.62,18.34,35.34,99.56,3.83,303.8,0.0
2023-01-27 11:00:00,689.47,,0.73,20.35,32.15,99.47,3.7,303.9,0.38
2023-01-27 12:00:00,690.42,,0.73,21.49,29.63,99.36,3.55,304.3,0.76
2023-01-27 13:00:00,404.99,,0.46,22.05,27.77,99.27,3.47,305.8,2.53
2023-01-27 14:00:00,484.4,,0.67,21.78,27.24,99.21,3.38,307.5,4.31
2023-01-27 15:00:00,303.75,,0.6,20.64,29.07,99.17,3.0,308.2,8.97
2023-01-27 16:00:00,111.05,,0.45,16.72,42.48,99.17,1.52,304.5,11.76
2023-01-27 17:00:00,4.6,,0.25,12.82,47.38,99.21,1.59,303.2,10.33
2023-01-27 18:00:00,0.0,,-999.0,11.56,46.97,99.29,1.75,304.1,7.75
2023-01-27 19:00:00,0.0,,-999.0,10.51,47.89,99.33,1.82,303.8,5.17
2023-01-27 20:00:00,0.0,,-999.0,9.63,49.61,99.34,1.89,303.1,2.58
2023-01-27 21:00:00,0.0,,-999.0,8.87,51.08,99.31,1.95,302.9,0.0
2023-01-27 22:00:00,0.0,,-999.0,8.1,52.32,99.26,1.97,302.2,0.28
2023-01-27 23:00:00,0.0,,-999.0,7.32,53.29,99.19,1.97,301.5,0.55
2023-01-28 00:00:00,0.0,,-999.0,6.61,54.14,99.16,1.98,301.0,4.97
2023-01-28 01:00:00,0.0,,-999.0,6.02,55.19,99.13,2.06,300.3,6.6
2023-01-28 02:00:00,0.0,,-999.0,5.43,56.95,99.11,2.05,300.2,0.11
2023-01-28 03:00:00,0.0,,-999.0,4.82,59.42,99.09,1.94,300.3,14.33
2023-01-28 04:00:00,0.0,,-999.0,4.3,61.23,99.09,1.84,299.6,12.68
2023-01-28 05:00:00,0.0,,-999.0,3.85,62.63,99.12,1.77,297.3,4.42
2023-01-28 06:00:00,0.0,,-999.0,3.69,62.76,99.15,1.79,294.1,3.69
2023-01-28 07:00:00,112.65,,0.48,6.7,51.08,99.2,3.1,289.8,2.95
2023-01-28 08:00:00,305.48,,0.62,9.75,43.26,99.27,2.93,281.2,2.22
2023-01-28 09:00:00,496.15,,0.7,14.03,36.49,99.31,2.46,273.0,1.48
2023-01-28 10:00:00,639.55,,0.74,19.26,25.94,99.26,3.45,293.6,0.75
2023-01-28 11:00:00,723.47,,0.76,21.68,21.83,99.16,3.41,291.5,0.01
2023-01-28 12:00:00,729.5,,0.77,23.19,19.39,99.05,3.19,289.6,0.01
2023-01-28 13:00:00,663.17,,0.76,23.99,17.93,98.96,2.94,289.9,0.0
2023-01-28 14:00:00,529.88,,0.73,23.92,17.94,98.9,2.61,290.7,0.56
2023-01-28 15:00:00,344.42,,0.67,22.85,21.46,98.85,1.86,293.1,1.11
2023-01-28 16:00:00,135.88,,0.54,18.73,40.15,98.84,1.03,296.6,1.67
2023-01-28 17:00:00,5.65,,0.28,16.1,35.69,98.87,1.33,302.7,1.48
2023-01-28 18:00:00,0.0,,-999.0,15.05,36.25,98.92,1.34,311.7,1.29
2023-01-28 19:00:00,0.0,,-999.0,14.29,36.63,98.95,1.31,319.0,1.1
2023-01-28 20:00:00,0.0,,-999.0,13.68,36.8,98.97,1.25,324.8,1.66
2023-01-28 21:00:00,0.0,,-999.0,13.15,37.37,98.99,1.15,332.1,4.36
2023-01-28 22:00:00,0.0,,-999.0,12.01,40.49,98.96,0.99,345.4,1.67
2023-01-28 23:00:00,0.0,,-999.0,11.26,42.42,98.94,0.94,4.3,7.56
2023-01-29 00:00:00,0.0,,-999.0,10.43,44.57,98.92,1.05,24.9,32.28
2023-01-29 01:00:00,0.0,,-999.0,9.31,48.3,98.9,1.21,41.0,34.25
2023-01-29 02:00:00,0.0,,-999.0,8.23,52.53,98.87,1.28,52.3,67.39
2023-01-29 03:00:00,0.0,,-999.0,7.58,55.66,98.86,1.28,64.0,99.3
2023-01-29 04:00:00,0.0,,-999.0,7.02,59.27,98.88,1.26,78.6,99.67
2023-01-29 05:00:00,0.0,,-999.0,6.35,63.59,98.93,1.23,94.2,99.77
2023-01-29 06:00:00,0.0,,-999.0,6.15,65.85,98.99,1.29,107.6,99.97
2023-01-29 07:00:00,12.6,,0.05,9.81,54.49,99.06,2.2,120.7,99.14
2023-01-29 08:00:00,59.8,,0.12,12.92,44.7,99.15,2.75,124.3,97.29
2023-01-29 09:00:00,90.12,,0.13,16.78,36.53,99.2,2.51,123.6,99.55
2023-01-29 10:00:00,148.32,,0.17,20.73,25.73,99.15,3.27,135.2,99.51
2023-01-29 11:00:00,77.55,,0.08,23.44,19.93,99.09,3.24,166.3,98.89
2023-01-29 12:00:00,78.05,,0.08,24.11,19.76,99.0,2.29,194.2,97.72
2023-01-29 13:00:00,122.55,,0.14,24.74,21.44,98.89,1.17,150.8,99.32
2023-01-29 14:00:00,207.32,,0.28,25.06,23.85,98.82,1.88,123.9,99.18
2023-01-29 15:00:00,40.9,,0.08,23.94,29.47,98.78,1.6,124.8,98.32
2023-01-29 16:00:00,48.67,,0.19,20.25,46.59,98.79,0.92,121.6,100.0
2023-01-29 17:00:00,2.88,,0.13,17.18,48.61,98.83,1.15,114.1,99.38
2023-01-29 18:00:00,0.0,,-999.0,15.73,52.2,98.9,1.27,108.3,96.41
2023-01-29 19:00:00,0.0,,-999.0,14.94,53.75,98.98,1.42,108.9,99.79
2023-01-29 20:00:00,0.0,,-999.0,14.29,54.64,99.05,1.54,116.6,89.72
2023-01-29 21:00:00,0.0,,-999.0,13.77,54.83,99.09,1.72,126.0,74.64
2023-01-29 22:00:00,0.0,,-999.0,13.3,55.41,99.1,1.83,131.7,100.0
2023-01-29 23:00:00,0.0,,-999.0,12.77,57.47,99.1,1.76,134.3,100.0
2023-01-30 00:00:00,0.0,,-999.0,12.55,59.16,99.08,1.66,133.0,99.97
2023-01-30 01:00:00,0.0,,-999.0,11.99,61.37,99.07,1.49,128.7,100.0
2023-01-30 02:00:00,0.0,,-999.0,11.47,62.93,99.07,1.37,119.2,100.0
2023-01-30 03:00:00,0.0,,-999.0,11.03,63.72,99.08,1.39,105.0,100.0
2023-01-30 04:00:00,0.0,,-999.0,10.65,63.92,99.15,1.57,92.6,100.0
2023-01-30 05:00:00,0.0,,-999.0,10.23,64.66,99.25,1.73,87.4,100.0
2023-01-30 06:00:00,0.0,,-999.0,9.99,66.54,99.34,1.9,87.6,99.97
2023-01-30 07:00:00,50.62,,0.21,11.17,68.72,99.41,2.69,90.2,97.93
2023-01-30 08:00:00,138.62,,0.28,11.97,75.09,99.48,1.95,109.2,97.83
2023-01-30 09:00:00,209.18,,0.29,12.82,78.83,99.61,1.55,230.2,97.48
2023-01-30 10:00:00,244.1,,0.28,14.03,74.78,99.68,2.58,270.7,99.53
2023-01-30 11:00:00,362.62,,0.38,15.13,66.65,99.62,1.54,295.4,99.14
2023-01-30 12:00:00,402.35,,0.42,16.57,57.41,99.46,1.1,44.3,99.05
2023-01-30 13:00:00,308.42,,0.35,17.42,55.69,99.35,1.97,75.0,99.53
2023-01-30 14:00:00,151.8,,0.21,17.7,55.94,99.31,2.1,70.5,99.08
2023-01-30 15:00:00,92.1,,0.18,17.51,59.06,99.29,2.1,52.4,99.0
2023-01-30 16:00:00,38.53,,0.15,15.98,69.45,99.3,1.61,36.2,78.65
2023-01-30 17:00:00,3.67,,0.16,14.13,77.2,99.36,1.6,27.2,57.9
2023-01-30 18:00:00,0.0,,-999.0,13.43,82.08,99.43,1.59,26.1,41.32
2023-01-30 19:00:00,0.0,,-999.0,12.77,86.19,99.5,1.27,26.2,36.38
2023-01-30 20:00:00,0.0,,-999.0,12.55,87.04,99.54,1.11,23.3,38.04
2023-01-30 21:00:00,0.0,,-999.0,12.05,88.82,99.53,1.05,18.3,35.59
2023-01-30 22:00:00,0.0,,-999.0,11.2,92.37,99.49,1.03,15.3,29.23
2023-01-30 23:00:00,0.0,,-999.0,10.44,95.63,99.46,1.04,13.4,20.98
2023-01-31 00:00:00,0.0,,-999.0,9.85,98.29,99.44,1.06,7.6,27.04
2023-01-31 01:00:00,0.0,,-999.0,9.37,100.0,99.41,1.07,0.0,55.83
2023-01-31 02:00:00,0.0,,-999.0,8.94,100.0,99.36,1.13,349.3,54.11
2023-01-31 03:00:00,0.0,,-999.0,8.63,100.0,99.35,1.26,338.1,69.03
2023-01-31 04:00:00,0.0,,-999.0,8.46,100.0,99.36,1.46,328.2,57.97
2023-01-31 05:00:00,0.0,,-999.0,8.44,100.0,99.41,1.67,322.0,51.34
2023-01-31 06:00:00,0.0,,-999.0,8.69,100.0,99.46,1.98,318.3,65.13
2023-01-31 07:00:00,70.7,,0.29,11.12,91.44,99.5,3.32,315.6,85.76
2023-01-31 08:00:00,197.4,,0.4,14.03,78.05,99.56,3.38,312.4,80.66
2023-01-31 09:00:00,328.77,,0.46,17.43,63.99,99.59,4.01,312.7,60.76
2023-01-31 10:00:00,485.65,,0.55,19.76,55.15,99.56,4.28,312.4,34.28
2023-01-31 11:00:00,557.08,,0.58,21.48,48.93,99.45,4.59,312.7,23.1
2023-01-31 12:00:00,575.22,,0.6,22.65,44.76,99.34,4.82,313.5,27.13
2023-01-31 13:00:00,484.75,,0.54,23.22,42.54,99.25,4.91,314.4,35.55
2023-01-31 14:00:00,404.0,,0.55,22.91,43.04,99.2,4.74,314.8,34.31
2023-01-31 15:00:00,242.05,,0.46,21.73,46.54,99.19,4.33,314.1,46.16
2023-01-31 16:00:00,89.45,,0.34,19.18,56.19,99.21,2.7,310.5,54.56
2023-01-31 17:00:00,5.9,,0.24,15.25,71.0,99.25,1.7,302.8,44.77
2023-01-31 18:00:00,0.0,,-999.0,14.05,76.18,99.32,1.91,297.8,34.82
2023-01-31 19:00:00,0.0,,-999.0,13.02,80.46,99.38,2.08,295.0,49.15
2023-01-31 20:00:00,0.0,,-999.0,12.03,82.97,99.41,2.24,294.3,33.69
2023-01-31 21:00:00,0.0,,-999.0,11.11,82.33,99.43,2.32,295.0,25.96
2023-01-31 22:00:00,0.0,,-999.0,10.15,80.99,99.42,2.27,295.5,37.34
2023-01-31 23:00:00,0.0,,-999.0,9.36,79.44,99.39,2.33,295.9,81.77
2023-02-01 00:00:00,0.0,,-999.0,8.73,78.51,99.36,2.5,296.9,96.13
2023-02-01 01:00:00,0.0,,-999.0,8.19,78.63,99.32,2.74,298.5,97.15
2023-02-01 02:00:00,0.0,,-999.0,7.63,80.28,99.27,2.81,298.3,95.55
2023-02-01 03:00:00,0.0,,-999.0,7.09,82.48,99.22,2.77,296.4,86.19
2023-02-01 04:00:00,0.0,,-999.0,6.61,84.74,99.21,2.81,294.2,73.49
2023-02-01 05:00:00,0.0,,-999.0,6.15,87.34,99.24,2.82,292.1,30.94
2023-02-01 06:00:00,0.0,,-999.0,5.9,88.91,99.3,3.03,290.3,27.07
2023-02-01 07:00:00,120.5,,0.49,7.59,80.11,99.35,3.7,288.3,53.56
2023-02-01 08:00:00,323.88,,0.64,10.76,67.92,99.41,3.25,284.2,23.18
2023-02-01 09:00:00,531.15,,0.73,15.36,54.48,99.46,3.95,298.1,3.87
2023-02-01 10:00:00,677.22,,0.77,18.97,43.63,99.45,4.88,309.0,0.02
2023-02-01 11:00:00,716.15,,0.74,20.83,38.01,99.37,4.63,309.6,0.01
2023-02-01 12:00:00,655.45,,0.68,22.16,33.88,99.27,4.26,310.0,0.07
2023-02-01 13:00:00,665.03,,0.74,22.89,30.91,99.19,3.86,310.6,0.14
2023-02-01 14:00:00,536.3,,0.72,22.86,30.15,99.14,3.59,308.8,0.28
2023-02-01 15:00:00,354.67,,0.67,21.89,32.58,99.1,3.24,305.5,0.41
2023-02-01 16:00:00,146.75,,0.54,18.35,46.77,99.09,1.65,300.1,0.55
2023-02-01 17:00:00,7.68,,0.29,14.09,56.37,99.11,1.55,294.4,0.44
2023-02-01 18:00:00,0.0,,-999.0,13.01,58.08,99.16,1.81,291.7,0.33
2023-02-01 19:00:00,0.0,,-999.0,12.27,59.01,99.21,2.1,290.1,0.22
2023-02-01 20:00:00,0.0,,-999.0,11.55,59.57,99.25,2.31,290.2,0.11
2023-02-01 21:00:00,0.0,,-999.0,10.72,60.24,99.25,2.28,293.0,0.0
2023-02-01 22:00:00,0.0,,-999.0,9.87,61.14,99.23,2.2,296.1,0.0
2023-02-01 23:00:00,0.0,,-999.0,9.27,61.61,99.2,2.35,298.2,0.0
2023-02-02 00:00:00,0.0,,-999.0,8.78,61.99,99.18,2.55,299.9,0.0
2023-02-02 01:00:00,0.0,,-999.0,8.21,62.94,99.13,2.55,301.4,0.02
2023-02-02 02:00:00,0.0,,-999.0,7.57,64.33,99.06,2.45,302.8,0.04
2023-02-02 03:00:00,0.0,,-999.0,6.93,66.07,99.01,2.35,304.2,0.04
2023-02-02 04:00:00,0.0,,-999.0,6.38,68.28,98.99,2.35,304.2,0.03
2023-02-02 05:00:00,0.0,,-999.0,5.95,70.38,99.05,2.39,303.6,0.03
2023-02-02 06:00:00,4.15,,0.29,5.85,71.61,99.13,2.55,301.4,0.02
2023-02-02 07:00:00,131.98,,0.55,8.21,62.7,99.21,3.55,297.0,0.02
2023-02-02 08:00:00,348.0,,0.69,11.27,54.65,99.28,3.11,287.2,0.01
2023-02-02 09:00:00,538.75,,0.74,15.66,46.07,99.33,2.95,280.2,0.01
2023-02-02 10:00:00,678.38,,0.77,20.32,33.96,99.32,4.44,302.4,0.83
2023-02-02 11:00:00,734.35,,0.76,22.79,28.31,99.25,4.58,303.4,1.64
2023-02-02 12:00:00,741.62,,0.76,24.4,25.05,99.14,4.44,301.5,0.82
2023-02-02 13:00:00,676.5,,0.75,25.2,23.86,99.06,4.31,299.8,0.0
2023-02-02 14:00:00,495.76,,0.66,25.13,24.34,99.01,4.14,299.7,0.0
2023-02-02 15:00:00,339.8,,0.63,24.02,28.6,99.0,3.45,299.5,0.0
2023-02-02 16:00:00,147.42,,0.54,20.03,43.3,99.01,1.64,296.4,0.0
2023-02-02 17:00:00,0.01,,0.0,15.8,50.9,99.05,1.58,295.1,0.0
2023-02-02 18:00:00,0.0,,-999.0,14.63,52.92,99.12,1.72,296.6,0.0
2023-02-02 19:00:00,0.0,,-999.0,13.79,54.71,99.18,1.88,298.6,0.0
2023-02-02 20:00:00,0.0,,-999.0,13.01,56.64,99.23,1.99,300.8,0.0
2023-02-02 21:00:00,0.0,,-999.0,12.25,58.66,99.25,2.01,303.2,0.0
2023-02-02 22:00:00,0.0,,-999.0,11.49,60.74,99.25,1.99,305.4,0.0
2023-02-02 23:00:00,0.0,,-999.0,10.79,62.14,99.22,1.97,308.0,0.01
2023-02-03 00:00:00,0.0,,-999.0,10.13,63.27,99.21,1.93,310.4,0.02
2023-02-03 01:00:00,0.0,,-999.0,9.48,64.48,99.19,1.84,312.4,0.03
2023-02-03 02:00:00,0.0,,-999.0,8.92,65.97,99.16,1.8,311.4,0.04
2023-02-03 03:00:00,0.0,,-999.0,8.47,67.28,99.14,1.8,308.9,4.24
2023-02-03 04:00:00,0.0,,-999.0,8.03,68.88,99.13,1.76,305.8,8.43
2023-02-03 05:00:00,0.0,,-999.0,7.61,70.29,99.16,1.72,301.7,12.62
2023-02-03 06:00:00,3.88,,0.26,7.55,70.01,99.21,1.74,297.5,16.82
2023-02-03 07:00:00,117.55,,0.49,10.69,57.16,99.26,3.05,293.4,19.7
2023-02-03 08:00:00,328.7,,0.64,13.42,49.73,99.31,2.75,287.3,1.1
2023-02-03 09:00:00,518.7,,0.71,17.2,43.07,99.36,2.24,281.3,0.55
2023-02-03 10:00:00,659.72,,0.74,22.43,26.98,99.35,3.83,302.7,0.0
2023-02-03 11:00:00,720.55,,0.74,24.23,23.24,99.29,3.97,301.3,0.0
2023-02-03 12:00:00,662.88,,0.68,25.08,22.12,99.2,3.89,299.9,0.0
2023-02-03 13:00:00,608.45,,0.67,25.39,21.71,99.14,3.77,300.7,0.0
2023-02-03 14:00:00,499.46,,0.66,24.99,22.47,99.09,3.53,303.3,0.0
2023-02-03 15:00:00,343.34,,0.63,23.69,27.2,99.06,2.82,306.1,0.0
2023-02-03 16:00:00,150.72,,0.54,19.75,43.94,99.06,1.24,308.4,0.0
2023-02-03 17:00:00,0.01,,0.0,16.06,48.78,99.08,1.26,309.9,0.0
2023-02-03 18:00:00,0.0,,-999.0,14.89,50.18,99.13,1.27,308.6,0.0
2023-02-03 19:00:00,0.0,,-999.0,13.94,51.68,99.16,1.27,303.4,0.0
2023-02-03 20:00:00,0.0,,-999.0,13.02,53.4,99.17,1.31,296.8,0.0
2023-02-03 21:00:00,0.0,,-999.0,12.29,54.69,99.17,1.38,292.7,0.0
2023-02-03 22:00:00,0.0,,-999.0,11.71,55.77,99.14,1.45,291.1,0.0
2023-02-03 23:00:00,0.0,,-999.0,11.21,56.67,99.1,1.54,291.4,0.0
2023-02-04 00:00:00,0.0,,-999.0,10.74,57.7,99.03,1.6,291.6,0.0
2023-02-04 01:00:00,0.0,,-999.0,10.29,58.66,98.96,1.66,291.6,0.0
2023-02-04 02:00:00,0.0,,-999.0,9.87,59.39,98.9,1.68,292.0,0.1
2023-02-04 03:00:00,0.0,,-999.0,9.52,59.84,98.85,1.71,292.4,0.2
2023-02-04 04:00:00,0.0,,-999.0,9.21,60.28,98.84,1.72,291.8,0.3
2023-02-04 05:00:00,0.0,,-999.0,8.96,60.5,98.88,1.77,291.2,0.4
2023-02-04 06:00:00,4.1,,0.25,8.98,60.04,98.94,1.87,290.4,0.5
2023-02-04 07:00:00,115.62,,0.47,12.0,49.56,99.0,3.12,288.9,0.6
2023-02-04 08:00:00,321.12,,0.62,14.78,43.34,99.05,3.03,282.2,0.71
2023-02-04 09:00:00,511.33,,0.7,18.66,37.85,99.09,2.63,271.3,0.81
2023-02-04 10:00:00,654.15,,0.73,24.05,25.56,99.07,4.55,295.0,0.91
2023-02-04 11:00:00,719.42,,0.73,25.93,23.07,99.0,5.02,297.9,0.73
2023-02-04 12:00:00,726.4,,0.74,26.68,22.82,98.91,5.09,298.4,0.55
2023-02-04 13:00:00,660.9,,0.73,26.87,23.13,98.83,4.98,299.7,0.0
2023-02-04 14:00:00,530.35,,0.7,26.31,24.35,98.77,4.65,302.1,0.0
2023-02-04 15:00:00,348.1,,0.64,25.08,28.31,98.74,3.65,303.4,0.0
2023-02-04 16:00:00,145.07,,0.51,21.28,43.02,98.73,1.55,300.7,0.0
2023-02-04 17:00:00,8.62,,0.27,17.15,51.0,98.76,1.39,296.0,0.0
2023-02-04 18:00:00,0.0,,-999.0,15.92,53.44,98.81,1.45,293.6,0.0
2023-02-04 19:00:00,0.0,,-999.0,15.05,55.79,98.85,1.5,292.3,0.0
2023-02-04 20:00:00,0.0,,-999.0,14.37,58.01,98.86,1.59,293.7,0.0
2023-02-04 21:00:00,0.0,,-999.0,13.88,60.09,98.87,1.72,296.3,0.0
2023-02-04 22:00:00,0.0,,-999.0,13.43,62.49,98.86,1.84,300.1,0.02
2023-02-04 23:00:00,0.0,,-999.0,12.92,65.75,98.83,1.91,303.7,0.04
2023-02-05 00:00:00,0.0,,-999.0,12.35,69.33,98.8,1.95,306.9,0.07
2023-02-05 01:00:00,0.0,,-999.0,11.81,72.84,98.76,2.01,310.4,0.09
2023-02-05 02:00:00,0.0,,-999.0,11.19,76.7,98.73,1.95,311.5,0.08
2023-02-05 03:00:00,0.0,,-999.0,10.55,80.39,98.72,1.82,310.1,0.07
2023-02-05 04:00:00,0.0,,-999.0,9.97,84.21,98.71,1.73,307.0,0.06
2023-02-05 05:00:00,0.0,,-999.0,9.45,87.9,98.75,1.63,301.7,0.04
2023-02-05 06:00:00,4.4,,0.26,9.35,88.81,98.8,1.65,293.9,0.03
2023-02-05 07:00:00,121.3,,0.49,12.42,73.31,98.85,3.02,284.2,0.02
2023-02-05 08:00:00,325.38,,0.63,15.25,63.12,98.9,2.67,272.1,0.01
2023-02-05 09:00:00,511.17,,0.69,19.55,50.2,98.95,2.46,270.5,0.0
2023-02-05 10:00:00,649.17,,0.72,24.08,33.06,98.93,3.64,290.9,0.02
2023-02-05 11:00:00,706.83,,0.72,25.4,29.81,98.88,3.88,289.7,0.05
2023-02-05 12:00:00,713.8,,0.72,26.01,28.45,98.8,3.98,291.2,0.07
2023-02-05 13:00:00,649.1,,0.71,26.13,27.76,98.74,3.92,295.2,0.29
2023-02-05 14:00:00,519.62,,0.68,25.81,27.72,98.7,3.75,299.6,0.52
2023-02-05 15:00:00,340.05,,0.62,24.86,30.17,98.68,3.1,302.9,0.74
2023-02-05 16:00:00,142.12,,0.49,21.44,44.73,98.68,1.31,305.4,0.97
2023-02-05 17:00:00,9.02,,0.27,18.06,48.66,98.7,1.26,307.6,1.19
2023-02-05 18:00:00,0.0,,-999.0,17.6,46.83,98.77,1.3,309.7,1.42
2023-02-05 19:00:00,0.0,,-999.0,17.07,46.52,98.84,1.32,311.3,1.64
2023-02-05 20:00:00,0.0,,-999.0,16.41,47.01,98.89,1.34,314.1,1.86
2023-02-05 21:00:00,0.0,,-999.0,15.68,47.94,98.9,1.34,319.5,2.09
2023-02-05 22:00:00,0.0,,-999.0,14.69,50.05,98.91,1.35,328.7,2.31
2023-02-05 23:00:00,0.0,,-999.0,13.53,53.04,98.89,1.33,340.8,2.54
2023-02-06 00:00:00,0.0,,-999.0,12.52,55.66,98.86,1.3,355.2,2.76
2023-02-06 01:00:00,0.0,,-999.0,11.74,57.54,98.81,1.27,8.1,0.06
2023-02-06 02:00:00,0.0,,-999.0,11.33,57.91,98.76,1.23,19.5,2.81
2023-02-06 03:00:00,0.0,,-999.0,11.49,55.89,98.74,1.2,31.7,5.55
2023-02-06 04:00:00,0.0,,-999.0,12.1,52.24,98.75,0.98,50.0,8.3
2023-02-06 05:00:00,0.0,,-999.0,12.7,49.28,98.8,0.68,98.5,11.05
2023-02-06 06:00:00,4.85,,0.27,11.86,53.48,98.87,0.86,160.9,13.82
2023-02-06 07:00:00,124.12,,0.49,13.82,54.27,98.94,1.28,186.3,11.11
2023-02-06 08:00:00,330.25,,0.63,16.62,44.02,99.0,2.04,195.9,8.27
2023-02-06 09:00:00,517.8,,0.7,20.09,38.51,99.03,2.02,198.8,5.41
2023-02-06 10:00:00,660.25,,0.73,24.64,27.41,99.02,2.46,202.5,2.44
2023-02-06 11:00:00,699.05,,0.71,26.93,24.36,98.93,2.68,211.7,5.49
2023-02-06 12:00:00,704.67,,0.71,27.96,23.74,98.79,2.79,222.1,8.33
2023-02-06 13:00:00,634.47,,0.69,28.42,23.45,98.69,2.79,232.4,12.87
2023-02-06 14:00:00,503.55,,0.65,28.15,24.34,98.6,2.45,239.9,11.98
2023-02-06 15:00:00,324.95,,0.58,27.23,27.36,98.54,1.68,242.7,26.31
2023-02-06 16:00:00,138.15,,0.47,24.43,40.65,98.53,0.82,235.9,7.62
2023-02-06 17:00:00,9.38,,0.26,22.47,36.93,98.54,0.84,221.6,2.76
2023-02-06 18:00:00,0.0,,-999.0,21.19,39.88,98.58,0.91,216.5,2.21
2023-02-06 19:00:00,0.0,,-999.0,19.87,44.45,98.64,0.97,228.8,56.48
2023-02-06 20:00:00,0.0,,-999.0,18.35,48.29,98.68,1.1,244.6,37.42
2023-02-06 21:00:00,0.0,,-999.0,17.29,50.82,98.67,1.14,256.8,6.27
2023-02-06 22:00:00,0.0,,-999.0,16.51,52.4,98.67,1.18,276.3,3.31
2023-02-06 23:00:00,0.0,,-999.0,15.71,54.07,98.65,1.2,294.6,5.44
2023-02-07 00:00:00,0.0,,-999.0,14.96,55.43,98.62,1.23,308.1,6.12
2023-02-07 01:00:00,0.0,,-999.0,13.94,58.1,98.59,1.24,315.7,11.93
2023-02-07 02:00:00,0.0,,-999.0,12.84,61.56,98.57,1.3,318.4,18.24
2023-02-07 03:00:00,0.0,,-999.0,12.11,63.8,98.55,1.43,319.5,4.42
2023-02-07 04:00:00,0.0,,-999.0,11.56,65.48,98.57,1.52,319.5,4.24
2023-02-07 05:00:00,0.0,,-999.0,11.02,67.43,98.62,1.52,318.2,4.05
2023-02-07 06:00:00,4.82,,0.25,10.91,67.61,98.69,1.53,314.5,3.87
2023-02-07 07:00:00,104.53,,0.41,14.12,56.25,98.75,2.75,309.0,72.41
2023-02-07 08:00:00,306.77,,0.58,16.77,49.37,98.78,2.89,302.2,2.21
2023-02-07 09:00:00,492.42,,0.66,20.91,40.29,98.82,3.01,300.1,0.0
2023-02-07 10:00:00,633.22,,0.7,25.1,29.64,98.82,3.92,306.6,1.23
2023-02-07 11:00:00,650.28,,0.65,26.06,28.35,98.76,4.04,304.0,2.45
2023-02-07 12:00:00,664.78,,0.67,26.49,27.53,98.68,4.21,303.3,3.68
2023-02-07 13:00:00,611.08,,0.66,26.49,27.24,98.61,4.37,304.6,0.92
2023-02-07 14:00:00,492.77,,0.64,25.98,27.73,98.58,4.43,305.8,0.85
2023-02-07 15:00:00,325.08,,0.58,24.77,29.85,98.57,4.11,306.4,0.77
2023-02-07 16:00:00,140.18,,0.47,21.88,38.42,98.59,2.43,305.5,0.7
2023-02-07 17:00:00,10.15,,0.27,17.52,48.97,98.62,1.69,302.2,0.63
2023-02-07 18:00:00,0.0,,-999.0,16.03,51.02,98.71,1.72,298.8,0.55
2023-02-07 19:00:00,0.0,,-999.0,14.98,51.75,98.79,1.85,295.3,4.42
2023-02-07 20:00:00,0.0,,-999.0,14.1,52.27,98.86,2.01,294.1,8.28
2023-02-07 21:00:00,0.0,,-999.0,13.29,52.73,98.89,2.12,295.1,2.21
2023-02-07 22:00:00,0.0,,-999.0,12.49,53.5,98.9,2.17,297.7,0.0
2023-02-07 23:00:00,0.0,,-999.0,11.71,54.25,98.89,2.16,301.2,0.55
2023-02-08 00:00:00,0.0,,-999.0,10.91,55.5,98.87,2.06,305.3,0.37
2023-02-08 01:00:00,0.0,,-999.0,10.2,56.66,98.85,1.99,309.9,0.18
2023-02-08 02:00:00,0.0,,-999.0,9.53,58.05,98.82,1.87,313.9,0.0
2023-02-08 03:00:00,0.0,,-999.0,8.8,60.13,98.8,1.68,316.0,1.24
2023-02-08 04:00:00,0.0,,-999.0,8.22,61.84,98.83,1.61,314.2,2.49
2023-02-08 05:00:00,0.0,,-999.0,7.71,63.46,98.89,1.54,309.2,3.73
2023-02-08 06:00:00,5.78,,0.28,7.67,63.68,98.96,1.46,302.7,4.97
2023-02-08 07:00:00,135.3,,0.52,11.33,50.76,99.03,2.72,295.9,3.04
2023-02-08 08:00:00,347.7,,0.66,14.37,43.75,99.1,2.51,288.1,1.1
2023-02-08 09:00:00,541.3,,0.72,18.82,35.39,99.15,2.48,287.9,1.66
2023-02-08 10:00:00,684.97,,0.75,22.93,23.46,99.13,4.07,304.6,3.0
2023-02-08 11:00:00,754.47,,0.76,24.34,20.28,99.06,4.22,304.5,8.94
2023-02-08 12:00:00,745.2,,0.74,25.22,18.49,98.97,4.39,304.4,15.75
2023-02-08 13:00:00,688.38,,0.74,25.56,17.43,98.9,4.61,304.7,36.12
2023-02-08 14:00:00,564.4,,0.72,25.2,17.5,98.85,4.47,306.0,1.12
2023-02-08 15:00:00,342.2,,0.61,24.08,19.5,98.83,3.81,307.7,63.7
2023-02-08 16:00:00,148.85,,0.5,20.68,31.82,98.83,1.82,308.1,73.3
2023-02-08 17:00:00,12.18,,0.3,16.21,41.95,98.86,1.33,308.0,69.18
2023-02-08 18:00:00,0.0,,-999.0,14.95,44.02,98.93,1.29,307.1,88.68
2023-02-08 19:00:00,0.0,,-999.0,14.18,44.93,98.99,1.25,305.6,67.57
2023-02-08 20:00:00,0.0,,-999.0,13.69,44.68,99.02,1.26,304.3,78.06
2023-02-08 21:00:00,0.0,,-999.0,13.29,44.1,99.04,1.27,302.8,21.44
2023-02-08 22:00:00,0.0,,-999.0,12.84,43.81,99.03,1.28,303.2,71.64
2023-02-08 23:00:00,0.0,,-999.0,12.3,43.5,99.0,1.28,304.8,86.8
2023-02-09 00:00:00,0.0,,-999.0,11.98,42.71,98.94,1.26,305.0,79.44
2023-02-09 01:00:00,0.0,,-999.0,11.61,42.69,98.88,1.24,302.8,51.6
2023-02-09 02:00:00,0.0,,-999.0,10.86,44.61,98.83,1.25,300.3,32.69
2023-02-09 03:00:00,0.0,,-999.0,9.95,47.38,98.8,1.27,297.6,59.29
2023-02-09 04:00:00,0.0,,-999.0,9.26,49.5,98.79,1.27,294.1,42.05
2023-02-09 05:00:00,0.0,,-999.0,8.79,50.83,98.83,1.27,290.3,28.25
2023-02-09 06:00:00,5.88,,0.27,8.84,51.38,98.88,1.23,284.6,8.63
2023-02-09 07:00:00,121.6,,0.46,12.8,45.27,98.93,1.42,274.0,43.41
2023-02-09 08:00:00,332.75,,0.62,16.17,32.55,98.98,2.06,254.6,3.33
2023-02-09 09:00:00,524.15,,0.69,19.98,28.0,99.02,2.01,231.9,1.1
2023-02-09 10:00:00,659.3,,0.72,24.68,18.34,99.01,2.51,232.9,16.86
2023-02-09 11:00:00,716.92,,0.71,26.62,16.92,98.95,2.8,228.9,35.47
2023-02-09 12:00:00,731.42,,0.73,27.68,16.66,98.86,2.89,228.1,19.19
2023-02-09 13:00:00,667.3,,0.71,28.09,16.96,98.78,2.67,225.3,6.07
2023-02-09 14:00:00,537.65,,0.69,27.75,18.21,98.71,2.29,220.0,1.1
2023-02-09 15:00:00,351.98,,0.62,26.87,20.64,98.67,1.81,208.0,9.01
2023-02-09 16:00:00,149.82,,0.49,23.34,38.8,98.66,0.95,186.1,13.78
2023-02-09 17:00:00,11.75,,0.28,19.48,41.52,98.67,1.26,169.5,18.95
2023-02-09 18:00:00,0.0,,-999.0,17.71,43.77,98.73,1.39,163.7,44.82
2023-02-09 19:00:00,0.0,,-999.0,16.6,45.4,98.79,1.47,163.4,37.9
2023-02-09 20:00:00,0.0,,-999.0,15.72,46.99,98.84,1.54,163.8,45.75
2023-02-09 21:00:00,0.0,,-999.0,14.97,48.57,98.86,1.58,163.1,20.35
2023-02-09 22:00:00,0.0,,-999.0,14.28,50.29,98.84,1.6,161.8,8.18
2023-02-09 23:00:00,0.0,,-999.0,13.68,51.88,98.82,1.64,161.1,35.33
2023-02-10 00:00:00,0.0,,-999.0,13.15,53.28,98.8,1.71,160.2,29.51
2023-02-10 01:00:00,0.0,,-999.0,12.62,54.92,98.77,1.74,159.5,46.35
2023-02-10 02:00:00,0.0,,-999.0,11.94,57.41,98.73,1.59,158.6,29.45
2023-02-10 03:00:00,0.0,,-999.0,11.19,60.44,98.71,1.37,156.3,0.55
2023-02-10 04:00:00,0.0,,-999.0,10.6,62.75,98.72,1.22,151.5,0.55
2023-02-10 05:00:00,0.0,,-999.0,10.14,64.35,98.76,1.19,145.6,0.55
2023-02-10 06:00:00,5.75,,0.24,10.13,64.68,98.81,1.27,141.7,6.74
2023-02-10 07:00:00,113.7,,0.43,12.89,55.18,98.86,2.45,139.6,62.2
2023-02-10 08:00:00,300.7,,0.56,15.68,47.94,98.92,2.3,134.8,20.65
2023-02-10 09:00:00,486.05,,0.64,19.53,39.35,98.94,2.29,139.1,11.79
2023-02-10 10:00:00,635.83,,0.69,22.82,33.62,98.92,2.31,142.4,9.29
2023-02-10 11:00:00,729.88,,0.72,25.71,29.02,98.85,2.16,158.3,6.17
2023-02-10 12:00:00,739.92,,0.73,28.06,25.75,98.74,2.11,178.9,11.34
2023-02-10 13:00:00,681.33,,0.73,29.0,25.33,98.62,2.24,183.8,2.07
2023-02-10 14:00:00,551.72,,0.7,28.99,26.54,98.52,2.27,182.8,6.54
2023-02-10 15:00:00,364.67,,0.63,28.17,29.54,98.47,2.01,176.3,16.33
2023-02-10 16:00:00,165.05,,0.53,24.88,45.26,98.45,1.01,162.6,4.97
2023-02-10 17:00:00,12.85,,0.29,21.01,50.5,98.49,1.19,153.0,2.76
2023-02-10 18:00:00,0.0,,-999.0,19.47,53.09,98.56,1.26,157.5,0.55
2023-02-10 19:00:00,0.0,,-999.0,18.32,55.44,98.62,1.29,165.2,4.14
2023-02-10 20:00:00,0.0,,-999.0,17.3,56.92,98.67,1.26,177.7,7.72
2023-02-10 21:00:00,0.0,,-999.0,16.42,57.86,98.71,1.19,199.2,15.68
2023-02-10 22:00:00,0.0,,-999.0,15.62,59.21,98.71,1.13,224.3,8.28
2023-02-10 23:00:00,0.0,,-999.0,15.12,60.86,98.69,1.08,247.7,0.55
2023-02-11 00:00:00,0.0,,-999.0,14.99,61.91,98.67,1.09,264.2,1.1
2023-02-11 01:00:00,0.0,,-999.0,14.49,63.83,98.65,1.12,273.1,1.69
2023-02-11 02:00:00,0.0,,-999.0,14.03,66.23,98.61,1.15,279.5,4.42
2023-02-11 03:00:00,0.0,,-999.0,13.51,68.79,98.59,1.14,285.7,2.76
2023-02-11 04:00:00,0.0,,-999.0,12.86,71.79,98.61,1.1,291.2,25.96
2023-02-11 05:00:00,0.0,,-999.0,12.25,74.78,98.68,1.06,295.1,49.17
2023-02-11 06:00:00,6.2,,0.25,12.1,75.58,98.76,0.99,297.6,72.36
2023-02-11 07:00:00,98.8,,0.36,14.97,64.23,98.85,1.79,299.4,94.0
2023-02-11 08:00:00,250.98,,0.46,17.57,56.43,98.94,1.63,293.6,80.9
2023-02-11 09:00:00,408.17,,0.53,22.23,43.48,99.03,1.89,294.0,70.13
2023-02-11 10:00:00,525.72,,0.57,26.08,32.89,99.06,2.75,297.3,61.27
2023-02-11 11:00:00,659.65,,0.65,27.28,29.2,99.02,3.0,291.3,37.6
2023-02-11 12:00:00,685.72,,0.67,27.87,26.42,98.95,3.29,288.6,16.32
2023-02-11 13:00:00,620.67,,0.66,27.88,24.67,98.88,3.47,289.0,1.66
2023-02-11 14:00:00,488.17,,0.61,27.29,23.74,98.84,3.52,291.2,1.11
2023-02-11 15:00:00,312.02,,0.54,26.02,25.49,98.84,3.13,292.5,4.7
2023-02-11 16:00:00,129.7,,0.41,22.47,38.08,98.84,1.56,293.8,6.1
2023-02-11 17:00:00,11.23,,0.24,18.45,45.19,98.88,1.44,296.9,6.55
2023-02-11 18:00:00,0.0,,-999.0,17.09,45.87,98.96,1.54,301.7,4.98
2023-02-11 19:00:00,0.0,,-999.0,16.07,46.13,99.04,1.57,306.2,3.33
2023-02-11 20:00:00,0.0,,-999.0,15.07,46.53,99.08,1.6,310.2,1.68
2023-02-11 21:00:00,0.0,,-999.0,14.11,46.96,99.11,1.65,313.3,0.03
2023-02-11 22:00:00,0.0,,-999.0,13.17,47.42,99.13,1.72,317.1,0.04
2023-02-11 23:00:00,0.0,,-999.0,12.24,47.84,99.13,1.82,322.4,0.05
2023-02-12 00:00:00,0.0,,-999.0,11.31,48.39,99.13,1.87,327.2,0.06
2023-02-12 01:00:00,0.0,,-999.0,10.43,49.29,99.11,1.83,331.6,0.42
2023-02-12 02:00:00,0.0,,-999.0,9.75,50.26,99.08,1.82,333.6,0.78
2023-02-12 03:00:00,0.0,,-999.0,9.22,51.27,99.07,1.78,332.3,1.14
2023-02-12 04:00:00,0.0,,-999.0,8.7,52.54,99.08,1.69,328.6,1.49
2023-02-12 05:00:00,0.0,,-999.0,8.27,53.39,99.11,1.68,324.7,1.85
2023-02-12 06:00:00,7.03,,0.26,8.41,52.63,99.17,1.8,320.4,2.21
2023-02-12 07:00:00,136.6,,0.5,11.85,41.26,99.25,3.13,316.2,7.41
2023-02-12 08:00:00,355.15,,0.65,14.72,36.23,99.32,2.93,308.2,3.87
2023-02-12 09:00:00,557.22,,0.72,19.01,29.56,99.37,2.8,300.2,0.0
2023-02-12 10:00:00,710.75,,0.76,23.44,16.19,99.37,4.01,304.4,0.0
2023-02-12 11:00:00,777.58,,0.76,24.41,15.05,99.32,4.56,301.2,0.0
2023-02-12 12:00:00,697.81,,0.68,24.63,15.05,99.26,5.02,301.1,0.0
2023-02-12 13:00:00,720.12,,0.76,24.39,15.47,99.2,5.23,303.1,0.0
2023-02-12 14:00:00,584.88,,0.73,23.7,16.12,99.17,5.17,306.4,0.01
2023-02-12 15:00:00,395.35,,0.68,22.59,17.41,99.17,4.84,310.0,0.02
2023-02-12 16:00:00,179.0,,0.56,20.16,22.64,99.21,3.32,312.9,0.03
2023-02-12 17:00:00,15.02,,0.31,15.33,34.72,99.25,1.9,313.7,0.04
2023-02-12 18:00:00,0.0,,-999.0,13.77,37.63,99.33,1.96,314.0,0.05
2023-02-12 19:00:00,0.0,,-999.0,12.81,38.91,99.41,2.11,313.7,0.07
2023-02-12 20:00:00,0.0,,-999.0,12.05,39.44,99.43,2.43,312.2,0.08
2023-02-12 21:00:00,0.0,,-999.0,11.32,40.08,99.42,2.7,309.9,0.09
2023-02-12 22:00:00,0.0,,-999.0,10.49,41.33,99.37,2.85,307.3,0.1
2023-02-12 23:00:00,0.0,,-999.0,9.77,42.69,99.32,3.09,304.7,0.08
2023-02-13 00:00:00,0.0,,-999.0,9.09,43.84,99.27,3.32,302.4,0.07
2023-02-13 01:00:00,0.0,,-999.0,8.42,44.99,99.22,3.45,299.9,0.05
2023-02-13 02:00:00,0.0,,-999.0,7.84,46.03,99.16,3.43,297.6,0.03
2023-02-13 03:00:00,0.0,,-999.0,7.39,46.52,99.12,3.44,295.1,0.03
2023-02-13 04:00:00,0.0,,-999.0,7.01,46.63,99.1,3.52,292.7,0.03
2023-02-13 05:00:00,0.0,,-999.0,6.65,46.34,99.11,3.63,290.0,0.02
2023-02-13 06:00:00,9.73,,0.34,6.61,44.85,99.13,3.86,287.5,0.02
2023-02-13 07:00:00,175.5,,0.63,8.72,38.28,99.16,4.36,284.9,0.02
2023-02-13 08:00:00,404.6,,0.73,12.44,31.64,99.19,4.24,282.1,0.01
2023-02-13 09:00:00,602.65,,0.78,17.48,22.95,99.22,5.64,294.2,0.01
2023-02-13 10:00:00,747.45,,0.8,21.0,17.02,99.22,7.03,301.6,0.01
2023-02-13 11:00:00,813.2,,0.8,22.93,14.67,99.15,7.27,302.8,0.55
2023-02-13 12:00:00,815.22,,0.79,24.02,13.19,99.07,7.35,304.0,0.4
2023-02-13 13:00:00,743.9,,0.78,24.48,12.46,98.99,7.27,305.4,0.24
2023-02-13 14:00:00,604.35,,0.75,24.23,12.59,98.94,6.77,306.2,0.32
2023-02-13 15:00:00,410.3,,0.7,23.38,13.52,98.91,5.77,305.4,0.4
2023-02-13 16:00:00,187.0,,0.58,20.78,18.36,98.9,3.48,301.0,0.48
2023-02-13 17:00:00,16.0,,0.31,15.73,28.95,98.94,2.1,292.7,0.55
2023-02-13 18:00:00,0.0,,-999.0,14.79,28.8,99.02,2.61,289.3,1.1
2023-02-13 19:00:00,0.0,,-999.0,14.37,28.06,99.08,3.17,289.2,5.52
2023-02-13 20:00:00,0.0,,-999.0,13.41,29.46,99.11,3.15,289.1,1.66
2023-02-13 21:00:00,0.0,,-999.0,12.53,30.77,99.11,3.16,288.3,0.0
2023-02-13 22:00:00,0.0,,-999.0,12.04,30.88,99.12,3.46,290.1,1.1
2023-02-13 23:00:00,0.0,,-999.0,11.6,31.21,99.12,3.54,293.8,0.83
2023-02-14 00:00:00,0.0,,-999.0,11.06,32.22,99.12,3.43,298.7,0.55
2023-02-14 01:00:00,0.0,,-999.0,10.49,33.46,99.09,3.34,300.2,0.28
2023-02-14 02:00:00,0.0,,-999.0,9.75,35.4,99.04,2.98,298.7,1.1
2023-02-14 03:00:00,0.0,,-999.0,9.04,37.4,99.0,2.7,295.4,1.93
2023-02-14 04:00:00,0.0,,-999.0,8.66,37.81,99.01,2.83,291.8,2.76
2023-02-14 05:00:00,0.0,,-999.0,8.25,38.9,99.08,2.72,291.1,23.2
2023-02-14 06:00:00,8.0,,0.26,8.18,39.85,99.15,2.49,293.0,43.66
2023-02-14 07:00:00,146.32,,0.51,10.98,32.67,99.22,3.2,293.0,0.56
2023-02-14 08:00:00,357.83,,0.64,14.16,29.29,99.31,2.49,287.1,0.28
2023-02-14 09:00:00,553.58,,0.71,19.22,22.11,99.37,2.97,298.1,0.0
2023-02-14 10:00:00,699.85,,0.74,23.52,15.12,99.38,4.96,314.4,0.56
2023-02-14 11:00:00,758.65,,0.74,25.3,14.87,99.31,4.94,317.1,1.12
2023-02-14 12:00:00,765.55,,0.74,26.48,15.22,99.19,4.59,317.1,1.68
2023-02-14 13:00:00,697.67,,0.73,27.1,15.85,99.07,4.23,313.3,4.7
2023-02-14 14:00:00,563.42,,0.7,26.92,16.94,98.98,4.04,309.3,2.76
2023-02-14 15:00:00,376.88,,0.64,26.02,19.31,98.92,3.55,306.9,3.87
2023-02-14 16:00:00,167.98,,0.52,22.58,31.8,98.89,1.63,304.5,5.63
2023-02-14 17:00:00,15.07,,0.28,18.23,40.17,98.89,1.34,303.5,3.89
2023-02-14 18:00:00,0.0,,-999.0,16.8,41.92,98.92,1.38,305.3,19.43
2023-02-14 19:00:00,0.0,,-999.0,15.88,42.46,98.98,1.54,306.6,12.48
2023-02-14 20:00:00,0.0,,-999.0,15.08,43.13,98.99,1.69,307.5,5.52
2023-02-14 21:00:00,0.0,,-999.0,14.48,43.49,98.99,1.91,307.3,6.08
2023-02-14 22:00:00,0.0,,-999.0,13.92,43.8,98.98,2.09,308.4,0.08
2023-02-14 23:00:00,0.0,,-999.0,13.32,44.4,98.96,2.22,308.8,5.53
2023-02-15 00:00:00,0.0,,-999.0,12.81,44.92,98.93,2.33,307.9,1.66
2023-02-15 01:00:00,0.0,,-999.0,12.14,46.91,98.85,2.22,307.1,0.14
2023-02-15 02:00:00,0.0,,-999.0,11.65,48.53,98.78,2.24,303.7,13.26
2023-02-15 03:00:00,0.0,,-999.0,11.32,49.7,98.74,2.33,298.4,1.1
2023-02-15 04:00:00,0.0,,-999.0,11.14,50.05,98.73,2.55,292.3,1.1
2023-02-15 05:00:00,0.0,,-999.0,11.19,49.31,98.76,3.09,288.3,1.1
2023-02-15 06:00:00,8.65,,0.27,11.34,48.38,98.82,3.51,286.7,7.25
2023-02-15 07:00:00,145.27,,0.5,13.43,42.71,98.88,3.79,285.1,4.73
2023-02-15 08:00:00,359.2,,0.64,16.58,37.48,98.93,3.03,282.6,3.8
2023-02-15 09:00:00,555.3,,0.71,21.38,29.96,98.96,3.19,295.0,2.11
2023-02-15 10:00:00,702.33,,0.74,25.93,21.83,98.94,5.28,313.0,0.41
2023-02-15 11:00:00,758.72,,0.73,27.75,20.28,98.87,5.2,315.1,0.21
2023-02-15 12:00:00,768.53,,0.74,28.91,19.42,98.78,5.17,315.7,0.0
2023-02-15 13:00:00,703.92,,0.73,29.47,19.13,98.71,5.0,318.2,0.11
2023-02-15 14:00:00,572.38,,0.7,29.25,19.79,98.67,4.6,318.5,0.22
2023-02-15 15:00:00,387.73,,0.65,28.15,22.53,98.65,3.76,316.8,0.33
2023-02-15 16:00:00,178.45,,0.54,24.39,36.07,98.67,1.49,313.6,0.44
2023-02-15 17:00:00,16.5,,0.3,20.16,43.83,98.73,1.25,308.5,0.55
2023-02-15 18:00:00,0.0,,-999.0,18.77,45.51,98.82,1.28,303.8,3.31
2023-02-15 19:00:00,0.0,,-999.0,17.76,47.29,98.91,1.27,301.8,3.31
2023-02-15 20:00:00,0.0,,-999.0,16.69,49.37,98.96,1.26,300.0,3.87
2023-02-15 21:00:00,0.0,,-999.0,15.48,52.01,98.98,1.25,300.3,0.01
2023-02-15 22:00:00,0.0,,-999.0,14.55,53.78,98.97,1.24,301.5,2.21
2023-02-15 23:00:00,0.0,,-999.0,13.65,55.38,98.94,1.26,302.7,1.66
2023-02-16 00:00:00,0.0,,-999.0,12.85,56.73,98.91,1.31,306.6,1.66
2023-02-16 01:00:00,0.0,,-999.0,12.12,57.83,98.89,1.34,312.3,1.04
2023-02-16 02:00:00,0.0,,-999.0,11.38,59.43,98.87,1.26,317.6,0.55
2023-02-16 03:00:00,0.0,,-999.0,10.71,61.52,98.86,1.11,325.3,3.31
2023-02-16 04:00:00,0.0,,-999.0,10.25,62.94,98.88,1.0,334.5,1.66
2023-02-16 05:00:00,0.0,,-999.0,10.1,64.0,98.93,0.89,346.3,14.49
2023-02-16 06:00:00,9.52,,0.28,10.48,64.18,99.01,0.69,3.3,1.67
2023-02-16 07:00:00,136.27,,0.46,13.12,56.47,99.08,0.69,36.7,87.8
2023-02-16 08:00:00,335.92,,0.59,16.06,48.89,99.15,0.41,71.6,50.28
2023-02-16 09:00:00,496.58,,0.63,20.38,40.07,99.18,0.33,100.6,47.77
2023-02-16 10:00:00,645.28,,0.68,24.68,31.57,99.19,0.95,347.3,48.47
2023-02-16 11:00:00,667.7,,0.64,27.21,27.65,99.13,1.9,339.9,34.69
2023-02-16 12:00:00,695.0,,0.67,28.4,25.97,99.04,2.44,339.1,24.14
2023-02-16 13:00:00,646.83,,0.67,28.97,25.5,98.96,2.69,339.7,18.64
2023-02-16 14:00:00,470.3,,0.58,28.71,26.23,98.91,2.71,339.7,70.76
2023-02-16 15:00:00,319.2,,0.53,27.68,28.91,98.88,2.43,341.3,97.88
2023-02-16 16:00:00,140.23,,0.42,24.59,43.67,98.9,1.03,346.0,98.59
2023-02-16 17:00:00,15.25,,0.26,21.84,45.21,98.94,1.06,354.6,99.41
2023-02-16 18:00:00,0.0,,-999.0,21.67,44.38,99.02,0.94,1.2,98.83
2023-02-16 19:00:00,0.0,,-999.0,21.39,45.06,99.1,0.72,9.6,99.03
2023-02-16 20:00:00,0.0,,-999.0,21.08,45.26,99.15,0.55,25.6,98.77
2023-02-16 21:00:00,0.0,,-999.0,21.17,43.45,99.17,0.47,45.0,98.86
2023-02-16 22:00:00,0.0,,-999.0,20.54,44.31,99.16,0.33,88.3,98.64
2023-02-16 23:00:00,0.0,,-999.0,19.65,45.28,99.12,0.54,138.0,98.72
2023-02-17 00:00:00,0.0,,-999.0,18.46,48.37,99.08,0.79,153.8,98.99
2023-02-17 01:00:00,0.0,,-999.0,17.02,53.04,99.05,0.83,160.9,100.0
2023-02-17 02:00:00,0.0,,-999.0,16.89,53.14,99.04,0.79,163.9,99.07
2023-02-17 03:00:00,0.0,,-999.0,16.79,53.16,99.06,0.54,154.9,99.09
2023-02-17 04:00:00,0.0,,-999.0,16.3,54.79,99.11,0.42,88.6,99.09
2023-02-17 05:00:00,0.0,,-999.0,14.73,60.73,99.18,0.72,67.0,99.07
2023-02-17 06:00:00,7.8,,0.21,13.79,64.79,99.24,0.92,73.5,98.92
2023-02-17 07:00:00,107.35,,0.36,15.87,59.5,99.3,1.22,83.9,98.48
2023-02-17 08:00:00,274.92,,0.48,18.36,51.21,99.35,1.4,96.2,99.54
2023-02-17 09:00:00,441.5,,0.55,22.4,40.78,99.35,1.58,116.2,99.2
2023-02-17 10:00:00,558.6,,0.58,25.87,32.87,99.31,1.57,123.3,99.99
2023-02-17 11:00:00,622.25,,0.6,27.34,30.76,99.21,1.13,134.3,94.56
2023-02-17 12:00:00,630.97,,0.6,28.41,29.12,99.11,0.36,170.5,96.64
2023-02-17 13:00:00,583.0,,0.6,29.36,26.99,99.03,0.9,302.8,60.67
2023-02-17 14:00:00,445.17,,0.54,29.72,25.71,98.96,1.78,314.5,82.67
2023-02-17 15:00:00,301.88,,0.5,28.94,27.32,98.95,2.05,319.2,47.59
2023-02-17 16:00:00,137.62,,0.41,25.69,42.12,98.97,1.01,324.3,55.43
2023-02-17 17:00:00,15.4,,0.25,22.34,44.94,99.01,1.19,330.2,53.21
2023-02-17 18:00:00,0.0,,-999.0,21.42,44.54,99.08,1.2,332.2,53.33
2023-02-17 19:00:00,0.0,,-999.0,20.93,44.65,99.15,1.11,328.6,80.03
2023-02-17 20:00:00,0.0,,-999.0,20.45,44.69,99.17,1.03,318.1,44.09
2023-02-17 21:00:00,0.0,,-999.0,19.77,45.38,99.17,1.04,305.2,20.78
2023-02-17 22:00:00,0.0,,-999.0,18.92,46.6,99.14,1.09,296.1,1.1
2023-02-17 23:00:00,0.0,,-999.0,17.98,48.18,99.1,1.17,292.2,14.52
2023-02-18 00:00:00,0.0,,-999.0,16.98,50.48,99.06,1.23,293.0,62.96
2023-02-18 01:00:00,0.0,,-999.0,15.92,53.3,99.03,1.26,296.4,6.09
2023-02-18 02:00:00,0.0,,-999.0,14.98,56.03,99.0,1.25,298.2,66.17
2023-02-18 03:00:00,0.0,,-999.0,14.2,58.33,98.97,1.22,298.9,26.52
2023-02-18 04:00:00,0.0,,-999.0,13.75,59.17,98.99,1.17,297.0,48.03
2023-02-18 05:00:00,0.0,,-999.0,13.6,58.86,99.03,1.02,289.5,46.38
2023-02-18 06:00:00,10.38,,0.27,13.44,59.2,99.09,0.78,269.3,32.59
2023-02-18 07:00:00,126.85,,0.42,15.96,54.27,99.15,0.9,239.1,96.24
2023-02-18 08:00:00,300.38,,0.52,18.62,45.52,99.2,1.06,227.3,84.5
2023-02-18 09:00:00,551.83,,0.69,23.59,32.63,99.24,1.06,237.4,12.1
2023-02-18 10:00:00,677.45,,0.7,27.63,23.53,99.22,1.31,298.7,32.83
2023-02-18 11:00:00,697.17,,0.67,28.97,21.52,99.15,1.93,319.6,33.54
2023-02-18 12:00:00,715.78,,0.68,29.91,20.14,99.06,2.35,323.1,19.1
2023-02-18 13:00:00,653.75,,0.67,30.43,19.38,98.97,2.59,322.7,4.32
2023-02-18 14:00:00,520.1,,0.63,30.17,19.85,98.9,2.56,320.1,4.17
2023-02-18 15:00:00,340.23,,0.56,29.24,22.09,98.85,2.12,316.9,4.02
2023-02-18 16:00:00,164.1,,0.48,25.73,38.7,98.86,0.94,310.7,3.87
2023-02-18 17:00:00,16.02,,0.25,23.37,36.14,98.9,1.13,300.4,3.32
2023-02-18 18:00:00,0.0,,-999.0,22.36,35.76,98.97,1.02,286.5,2.78
2023-02-18 19:00:00,0.0,,-999.0,21.34,37.16,99.04,0.92,265.6,6.1
2023-02-18 20:00:00,0.0,,-999.0,20.38,38.58,99.09,1.01,248.5,11.01
2023-02-18 21:00:00,0.0,,-999.0,19.64,39.57,99.12,1.18,246.0,0.67
2023-02-18 22:00:00,0.0,,-999.0,18.59,41.36,99.13,1.24,251.1,7.73
2023-02-18 23:00:00,0.0,,-999.0,17.58,43.12,99.12,1.28,257.8,4.97
2023-02-19 00:00:00,0.0,,-999.0,16.68,44.47,99.08,1.28,264.2,2.76
2023-02-19 01:00:00,0.0,,-999.0,16.01,45.08,99.02,1.25,269.5,2.21
2023-02-19 02:00:00,0.0,,-999.0,15.8,44.07,98.95,1.14,273.0,40.24
2023-02-19 03:00:00,0.0,,-999.0,15.47,43.65,98.92,0.88,273.3,11.03
2023-02-19 04:00:00,0.0,,-999.0,16.1,40.38,98.94,0.77,275.2,26.51
2023-02-19 05:00:00,0.0,,-999.0,16.05,39.76,99.01,0.59,273.9,37.0
2023-02-19 06:00:00,10.52,,0.25,16.0,40.44,99.1,0.39,237.5,4.49
2023-02-19 07:00:00,105.53,,0.34,17.26,42.5,99.16,0.52,186.6,97.27
2023-02-19 08:00:00,287.7,,0.49,19.46,34.45,99.21,1.09,179.5,82.87
2023-02-19 09:00:00,479.58,,0.59,23.37,28.99,99.23,1.35,186.8,56.23
2023-02-19 10:00:00,653.92,,0.68,27.91,20.16,99.2,1.28,211.6,37.59
2023-02-19 11:00:00,688.15,,0.65,29.25,18.2,99.11,1.19,234.6,23.45
2023-02-19 12:00:00,703.45,,0.66,30.02,17.47,98.99,1.26,248.5,20.83
2023-02-19 13:00:00,646.15,,0.66,30.47,17.08,98.88,1.33,256.5,27.92
2023-02-19 14:00:00,488.85,,0.59,30.42,17.22,98.81,1.38,267.9,51.65
2023-02-19 15:00:00,311.33,,0.51,29.61,19.14,98.76,1.1,277.8,97.57
2023-02-19 16:00:00,143.27,,0.41,27.43,28.01,98.75,0.62,290.8,91.33
2023-02-19 17:00:00,15.73,,0.24,26.07,23.86,98.77,0.45,315.9,98.8
2023-02-19 18:00:00,0.0,,-999.0,25.31,23.6,98.84,0.13,18.4,94.63
2023-02-19 19:00:00,0.0,,-999.0,24.34,25.08,98.91,0.27,156.3,91.37
2023-02-19 20:00:00,0.0,,-999.0,23.23,25.99,98.95,0.65,173.9,78.16
2023-02-19 21:00:00,0.0,,-999.0,21.44,31.58,98.95,0.87,176.1,38.32
2023-02-19 22:00:00,0.0,,-999.0,20.75,34.55,98.93,1.05,178.4,7.16
2023-02-19 23:00:00,0.0,,-999.0,19.61,36.5,98.88,1.14,180.5,24.87
2023-02-20 00:00:00,0.0,,-999.0,18.36,39.07,98.83,1.18,179.5,39.97
2023-02-20 01:00:00,0.0,,-999.0,17.31,42.04,98.78,1.18,176.1,13.15
2023-02-20 02:00:00,0.0,,-999.0,16.35,45.0,98.73,1.18,175.2,17.8
2023-02-20 03:00:00,0.0,,-999.0,15.45,48.19,98.7,1.16,177.5,3.33
2023-02-20 04:00:00,0.0,,-999.0,14.7,50.67,98.71,1.14,181.5,4.42
2023-02-20 05:00:00,0.0,,-999.0,14.18,51.94,98.75,1.14,185.6,6.17
2023-02-20 06:00:00,12.05,,0.28,13.97,53.47,98.81,1.06,188.7,14.41
2023-02-20 07:00:00,145.1,,0.46,16.81,48.3,98.87,1.24,193.0,57.21
2023-02-20 08:00:00,342.67,,0.58,19.58,39.28,98.91,1.27,183.6,44.53
2023-02-20 09:00:00,525.62,,0.65,23.74,31.54,98.92,1.38,175.4,46.59
2023-02-20 10:00:00,687.05,,0.71,28.11,22.48,98.89,2.0,197.4,49.98
2023-02-20 11:00:00,738.95,,0.7,31.35,16.27,98.81,2.51,222.6,45.81
2023-02-20 12:00:00,760.92,,0.72,32.76,14.15,98.71,2.61,242.4,30.29
2023-02-20 13:00:00,707.4,,0.72,33.44,13.39,98.61,2.66,261.8,47.26
2023-02-20 14:00:00,548.38,,0.66,33.22,14.32,98.53,2.43,275.7,48.38
2023-02-20 15:00:00,360.4,,0.58,32.18,17.2,98.5,1.67,288.5,50.29
2023-02-20 16:00:00,165.38,,0.47,29.21,31.22,98.5,0.77,325.1,65.65
2023-02-20 17:00:00,20.48,,0.3,26.9,28.34,98.54,0.75,26.2,82.86
2023-02-20 18:00:00,0.0,,-999.0,25.16,29.95,98.59,1.02,84.4,90.07
2023-02-20 19:00:00,0.0,,-999.0,22.52,36.85,98.64,1.28,118.6,95.18
2023-02-20 20:00:00,0.0,,-999.0,20.42,41.73,98.66,1.32,140.9,95.66
2023-02-20 21:00:00,0.0,,-999.0,19.17,43.46,98.67,1.39,157.1,73.06
2023-02-20 22:00:00,0.0,,-999.0,18.15,45.26,98.65,1.43,171.5,88.73
2023-02-20 23:00:00,0.0,,-999.0,17.31,46.91,98.62,1.47,181.9,99.44
2023-02-21 00:00:00,0.0,,-999.0,16.5,48.19,98.58,1.5,186.9,86.22
2023-02-21 01:00:00,0.0,,-999.0,15.74,49.07,98.53,1.47,187.0,87.33
2023-02-21 02:00:00,0.0,,-999.0,14.82,50.64,98.49,1.32,186.1,62.47
2023-02-21 03:00:00,0.0,,-999.0,13.72,52.76,98.47,1.15,185.5,11.0
2023-02-21 04:00:00,0.0,,-999.0,13.03,53.32,98.5,1.04,185.5,3.87
2023-02-21 05:00:00,0.0,,-999.0,13.02,50.66,98.55,0.98,184.7,2.76
2023-02-21 06:00:00,11.93,,0.26,13.45,48.37,98.63,0.69,177.5,1.66
2023-02-21 07:00:00,151.45,,0.48,15.94,40.26,98.71,0.66,159.6,1.16
2023-02-21 08:00:00,349.3,,0.59,18.31,35.35,98.78,0.55,150.6,0.58
2023-02-21 09:00:00,539.7,,0.66,22.07,27.01,98.8,0.49,212.4,0.0
2023-02-21 10:00:00,682.42,,0.7,25.37,22.04,98.78,0.76,222.9,9.14
2023-02-21 11:00:00,780.1,,0.73,28.29,18.97,98.72,1.36,245.1,19.71
2023-02-21 12:00:00,788.7,,0.74,30.96,15.55,98.64,2.39,268.8,1.02
2023-02-21 13:00:00,718.67,,0.72,31.8,14.88,98.55,3.01,279.0,0.86
2023-02-21 14:00:00,579.95,,0.69,31.37,15.61,98.5,3.18,285.9,0.71
2023-02-21 15:00:00,388.58,,0.62,30.23,18.2,98.49,2.82,292.5,0.55
2023-02-21 16:00:00,181.18,,0.51,26.3,33.48,98.5,1.22,301.0,0.74
2023-02-21 17:00:00,19.8,,0.28,21.97,40.4,98.55,1.25,308.5,0.92
2023-02-21 18:00:00,0.0,,-999.0,20.33,43.0,98.62,1.29,312.8,1.1
2023-02-21 19:00:00,0.0,,-999.0,19.26,45.7,98.7,1.31,315.3,4.42
2023-02-21 20:00:00,0.0,,-999.0,18.36,48.08,98.76,1.35,314.1,10.94
2023-02-21 21:00:00,0.0,,-999.0,17.67,49.99,98.8,1.42,314.1,9.24
2023-02-21 22:00:00,0.0,,-999.0,17.1,51.67,98.81,1.51,318.5,0.07
2023-02-21 23:00:00,0.0,,-999.0,16.55,53.34,98.8,1.61,327.2,0.88
2023-02-22 00:00:00,0.0,,-999.0,15.97,55.25,98.78,1.7,337.9,1.7
2023-02-22 01:00:00,0.0,,-999.0,15.38,57.54,98.75,1.84,346.8,2.51
2023-02-22 02:00:00,0.0,,-999.0,14.77,59.74,98.73,1.89,353.6,12.65
2023-02-22 03:00:00,0.0,,-999.0,14.21,61.14,98.7,1.87,358.8,21.95
2023-02-22 04:00:00,0.0,,-999.0,13.67,61.72,98.71,1.73,2.0,28.59
2023-02-22 05:00:00,0.0,,-999.0,13.13,61.68,98.76,1.52,3.4,42.45
2023-02-22 06:00:00,11.43,,0.23,13.37,59.21,98.82,1.31,7.0,12.67
2023-02-22 07:00:00,105.82,,0.33,17.34,45.98,98.87,1.95,13.3,73.28
2023-02-22 08:00:00,248.18,,0.42,20.26,37.67,98.92,1.45,9.9,63.64
2023-02-22 09:00:00,381.15,,0.46,24.43,29.59,98.94,0.78,348.1,92.75
2023-02-22 10:00:00,566.88,,0.58,29.29,16.77,98.92,1.42,316.4,97.04
2023-02-22 11:00:00,612.25,,0.57,30.51,16.1,98.87,2.11,291.1,96.26
2023-02-22 12:00:00,628.95,,0.59,30.32,16.52,98.79,2.6,289.3,95.21
2023-02-22 13:00:00,550.03,,0.55,30.1,16.86,98.73,2.99,295.4,80.27
2023-02-22 14:00:00,493.1,,0.58,30.14,16.89,98.71,3.18,304.7,23.7
2023-02-22 15:00:00,311.23,,0.5,29.07,18.91,98.69,2.76,318.4,68.17
2023-02-22 16:00:00,143.82,,0.4,25.92,31.3,98.7,1.33,336.1,80.62
2023-02-22 17:00:00,17.77,,0.24,21.19,38.95,98.73,1.31,350.3,45.25
2023-02-22 18:00:00,0.0,,-999.0,19.28,39.63,98.8,1.44,356.4,19.79
2023-02-22 19:00:00,0.0,,-999.0,18.15,39.68,98.87,1.52,358.5,28.09
2023-02-22 20:00:00,0.0,,-999.0,17.19,39.76,98.91,1.56,353.7,26.43
2023-02-22 21:00:00,0.0,,-999.0,16.4,40.2,98.92,1.6,346.2,0.37
2023-02-22 22:00:00,0.0,,-999.0,15.73,40.89,98.9,1.65,339.5,17.02
2023-02-22 23:00:00,0.0,,-999.0,15.09,42.13,98.87,1.7,336.0,4.42
2023-02-23 00:00:00,0.0,,-999.0,14.43,43.66,98.85,1.71,334.3,0.92
2023-02-23 01:00:00,0.0,,-999.0,13.78,45.43,98.82,1.68,333.1,1.72
2023-02-23 02:00:00,0.0,,-999.0,13.12,47.41,98.79,1.62,331.2,2.53
2023-02-23 03:00:00,0.0,,-999.0,12.54,49.24,98.77,1.54,328.3,5.65
2023-02-23 04:00:00,0.0,,-999.0,12.11,50.54,98.77,1.49,322.9,8.78
2023-02-23 05:00:00,0.0,,-999.0,11.78,51.55,98.79,1.49,314.2,11.92
2023-02-23 06:00:00,13.7,,0.26,12.32,49.99,98.84,1.66,305.7,15.05
2023-02-23 07:00:00,152.77,,0.47,16.02,38.48,98.89,3.18,297.1,15.28
2023-02-23 08:00:00,362.05,,0.6,19.15,33.17,98.94,2.89,285.7,12.1
2023-02-23 09:00:00,564.12,,0.68,24.0,25.18,98.94,3.2,287.1,6.14
2023-02-23 10:00:00,718.45,,0.73,27.95,17.16,98.94,4.62,302.2,0.0
2023-02-23 11:00:00,807.33,,0.75,29.48,15.5,98.87,4.58,299.0,0.0
2023-02-23 12:00:00,815.28,,0.76,30.34,14.45,98.77,4.46,297.1,0.0
2023-02-23 13:00:00,749.42,,0.75,30.64,13.8,98.68,4.26,296.9,0.0
2023-02-23 14:00:00,613.72,,0.72,30.33,13.56,98.64,4.07,296.6,0.77
2023-02-23 15:00:00,423.48,,0.67,29.3,14.43,98.64,3.75,296.8,1.55
2023-02-23 16:00:00,206.98,,0.57,26.11,23.54,98.67,1.96,297.0,2.32
2023-02-23 17:00:00,24.88,,0.33,20.58,35.42,98.7,1.35,298.8,3.09
2023-02-23 18:00:00,0.0,,-999.0,18.73,37.57,98.78,1.35,302.3,3.87
2023-02-23 19:00:00,0.0,,-999.0,17.65,39.07,98.86,1.34,303.1,15.33
2023-02-23 20:00:00,0.0,,-999.0,16.71,40.16,98.92,1.34,301.9,29.13
2023-02-23 21:00:00,0.0,,-999.0,15.82,41.2,98.95,1.35,300.2,2.26
2023-02-23 22:00:00,0.0,,-999.0,14.91,42.29,98.96,1.37,299.2,49.05
2023-02-23 23:00:00,0.0,,-999.0,14.1,43.18,98.95,1.39,300.6,39.39
2023-02-24 00:00:00,0.0,,-999.0,13.37,44.14,98.94,1.42,304.7,17.28
2023-02-24 01:00:00,0.0,,-999.0,12.71,45.0,98.91,1.45,308.8,24.88
2023-02-24 02:00:00,0.0,,-999.0,12.08,46.1,98.88,1.45,311.6,16.41
2023-02-24 03:00:00,0.0,,-999.0,11.54,47.42,98.86,1.4,314.4,52.65
2023-02-24 04:00:00,0.0,,-999.0,11.38,48.4,98.88,1.32,315.6,29.11
2023-02-24 05:00:00,0.0,,-999.0,10.68,49.99,98.92,1.26,313.1,30.37
2023-02-24 06:00:00,15.12,,0.28,11.14,50.06,98.98,1.16,308.4,52.29
2023-02-24 07:00:00,138.7,,0.42,15.7,36.68,99.06,1.99,299.1,85.09
2023-02-24 08:00:00,323.62,,0.53,18.92,29.73,99.13,1.93,287.5,92.25
2023-02-24 09:00:00,512.6,,0.62,23.72,23.51,99.17,1.82,283.3,95.79
2023-02-24 10:00:00,629.92,,0.63,28.69,15.43,99.16,2.88,299.6,97.24
2023-02-24 11:00:00,691.83,,0.64,30.05,14.37,99.12,3.08,294.6,79.59
2023-02-24 12:00:00,713.08,,0.66,30.85,13.68,99.04,3.32,293.2,64.8
2023-02-24 13:00:00,695.0,,0.69,31.06,13.44,98.97,3.43,294.3,54.06
2023-02-24 14:00:00,560.22,,0.66,30.71,13.67,98.92,3.47,295.6,18.19
2023-02-24 15:00:00,376.0,,0.59,29.73,14.95,98.9,3.19,297.2,16.12
2023-02-24 16:00:00,186.52,,0.51,26.34,27.24,98.9,1.47,299.7,4.12
2023-02-24 17:00:00,21.65,,0.28,21.46,36.4,98.92,1.28,303.2,2.76
2023-02-24 18:00:00,0.0,,-999.0,19.99,37.64,98.96,1.33,304.3,2.27
2023-02-24 19:00:00,0.0,,-999.0,19.28,38.52,99.03,1.34,302.5,1.78
2023-02-24 20:00:00,0.0,,-999.0,18.59,39.57,99.07,1.33,298.7,1.28
2023-02-24 21:00:00,0.0,,-999.0,17.71,41.44,99.1,1.31,294.8,0.79
2023-02-24 22:00:00,0.0,,-999.0,16.76,43.85,99.12,1.28,294.4,0.3
2023-02-24 23:00:00,0.0,,-999.0,15.89,45.91,99.13,1.24,294.7,0.28
2023-02-25 00:00:00,0.0,,-999.0,15.13,47.75,99.13,1.21,295.5,0.27
2023-02-25 01:00:00,0.0,,-999.0,14.44,49.72,99.11,1.17,295.3,0.25
2023-02-25 02:00:00,0.0,,-999.0,13.78,51.48,99.08,1.15,295.7,0.92
2023-02-25 03:00:00,0.0,,-999.0,13.25,52.77,99.08,1.15,295.2,1.59
2023-02-25 04:00:00,0.0,,-999.0,12.86,53.5,99.1,1.15,292.5,2.26
2023-02-25 05:00:00,0.0,,-999.0,12.53,54.15,99.15,1.14,287.8,2.93
2023-02-25 06:00:00,15.12,,0.26,12.88,54.34,99.2,1.06,284.2,3.6
2023-02-25 07:00:00,162.52,,0.48,16.82,42.59,99.26,1.77,281.4,4.27
2023-02-25 08:00:00,357.67,,0.58,19.75,35.45,99.31,1.72,275.7,2.96
2023-02-25 09:00:00,551.0,,0.66,24.59,27.02,99.34,1.66,273.4,1.64
2023-02-25 10:00:00,697.78,,0.7,28.63,20.45,99.34,2.18,287.6,0.33
2023-02-25 11:00:00,781.85,,0.72,30.14,18.99,99.29,2.36,293.4,0.22
2023-02-25 12:00:00,787.38,,0.72,30.95,18.19,99.19,2.49,297.3,0.11
2023-02-25 13:00:00,717.88,,0.71,31.16,17.85,99.09,2.52,300.7,0.0
2023-02-25 14:00:00,582.15,,0.68,30.81,18.05,99.01,2.44,304.5,0.55
2023-02-25 15:00:00,394.98,,0.62,29.87,19.23,98.98,2.23,309.0,0.77
2023-02-25 16:00:00,190.88,,0.52,26.85,34.09,98.99,0.96,317.1,0.99
2023-02-25 17:00:00,23.88,,0.3,23.53,36.55,99.03,1.14,333.9,1.22
2023-02-25 18:00:00,0.0,,-999.0,22.49,35.18,99.11,1.17,348.2,1.44
2023-02-25 19:00:00,0.0,,-999.0,21.95,34.29,99.2,1.1,2.1,1.66
2023-02-25 20:00:00,0.0,,-999.0,21.39,33.7,99.27,0.96,15.0,1.66
2023-02-25 21:00:00,0.0,,-999.0,20.9,33.53,99.3,0.8,26.6,0.1
2023-02-25 22:00:00,0.0,,-999.0,20.98,32.02,99.3,0.79,38.3,7.09
2023-02-25 23:00:00,0.0,,-999.0,20.54,31.92,99.3,0.74,45.5,7.64
2023-02-26 00:00:00,0.0,,-999.0,19.9,32.66,99.29,0.71,45.6,3.31
2023-02-26 01:00:00,0.0,,-999.0,19.12,33.99,99.27,0.71,41.6,0.0
2023-02-26 02:00:00,0.0,,-999.0,18.2,35.84,99.25,0.75,40.1,0.33
2023-02-26 03:00:00,0.0,,-999.0,17.12,38.68,99.23,0.79,46.5,0.66
2023-02-26 04:00:00,0.0,,-999.0,15.81,42.59,99.25,0.81,61.8,0.99
2023-02-26 05:00:00,0.0,,-999.0,14.95,44.75,99.29,0.86,79.2,1.33
2023-02-26 06:00:00,17.1,,0.28,14.98,45.53,99.36,0.95,97.3,1.66
2023-02-26 07:00:00,164.38,,0.48,17.62,40.23,99.42,1.3,113.6,27.94
2023-02-26 08:00:00,354.33,,0.57,20.31,33.5,99.5,1.25,127.9,77.61
2023-02-26 09:00:00,572.67,,0.68,25.1,25.11,99.52,0.85,158.6,0.02
2023-02-26 10:00:00,715.03,,0.71,29.65,18.4,99.52,0.67,280.3,0.84
2023-02-26 11:00:00,742.72,,0.68,31.05,17.68,99.46,1.35,286.8,1.66
2023-02-26 12:00:00,752.25,,0.69,31.71,17.62,99.36,1.82,285.9,3.89
2023-02-26 13:00:00,682.17,,0.67,31.9,17.75,99.27,2.12,288.7,1.66
2023-02-26 14:00:00,547.72,,0.63,31.64,18.2,99.19,2.22,291.9,2.76
2023-02-26 15:00:00,365.58,,0.57,30.8,19.62,99.15,2.0,295.8,4.97
2023-02-26 16:00:00,184.35,,0.49,28.08,34.3,99.13,0.85,304.4,4.02
2023-02-26 17:00:00,22.25,,0.27,25.61,32.51,99.16,0.87,323.4,7.48
2023-02-26 18:00:00,0.0,,-999.0,25.09,30.96,99.21,0.87,348.7,6.43
2023-02-26 19:00:00,0.0,,-999.0,24.48,30.64,99.27,0.88,9.8,7.52
2023-02-26 20:00:00,0.0,,-999.0,23.68,32.05,99.32,0.85,22.9,2.76
2023-02-26 21:00:00,0.0,,-999.0,22.93,32.58,99.34,0.79,28.8,1.43
2023-02-26 22:00:00,0.0,,-999.0,22.1,34.44,99.34,0.71,24.0,0.09
2023-02-26 23:00:00,0.0,,-999.0,21.14,36.9,99.33,0.72,7.2,9.98
2023-02-27 00:00:00,0.0,,-999.0,19.97,39.99,99.31,0.8,350.7,30.33
2023-02-27 01:00:00,0.0,,-999.0,18.26,45.77,99.29,0.81,344.3,17.24
2023-02-27 02:00:00,0.0,,-999.0,17.63,47.37,99.26,0.79,340.0,14.74
2023-02-27 03:00:00,0.0,,-999.0,17.85,45.78,99.23,0.72,332.0,21.49
2023-02-27 04:00:00,0.0,,-999.0,17.84,45.26,99.23,0.61,313.7,42.12
2023-02-27 05:00:00,0.0,,-999.0,17.57,45.66,99.26,0.58,278.0,83.46
2023-02-27 06:00:00,14.32,,0.22,17.19,47.76,99.3,0.66,248.5,78.82
2023-02-27 07:00:00,149.4,,0.43,19.33,43.83,99.36,1.04,233.2,74.61
2023-02-27 08:00:00,328.42,,0.53,22.09,36.64,99.41,1.34,228.3,77.82
2023-02-27 09:00:00,549.6,,0.65,27.39,25.27,99.44,1.66,243.9,3.33
2023-02-27 10:00:00,697.1,,0.69,30.31,20.2,99.43,1.98,261.6,3.26
2023-02-27 11:00:00,744.12,,0.68,31.46,18.73,99.36,2.17,269.2,1.1
2023-02-27 12:00:00,752.22,,0.68,32.14,17.97,99.26,2.35,276.1,7.14
2023-02-27 13:00:00,683.2,,0.67,32.36,17.67,99.16,2.57,283.1,1.66
2023-02-27 14:00:00,548.3,,0.63,32.06,17.85,99.08,2.63,290.5,1.1
2023-02-27 15:00:00,365.05,,0.56,31.11,19.11,99.04,2.47,298.2,1.1
2023-02-27 16:00:00,186.12,,0.49,28.14,32.45,99.02,1.13,306.4,1.1
2023-02-27 17:00:00,22.95,,0.27,24.05,39.38,99.05,1.15,319.2,4.97
2023-02-27 18:00:00,0.0,,-999.0,22.38,40.79,99.1,1.24,329.9,8.75
2023-02-27 19:00:00,0.0,,-999.0,21.18,43.16,99.17,1.23,338.5,18.68
2023-02-27 20:00:00,0.0,,-999.0,20.2,45.01,99.22,1.22,341.4,24.21
2023-02-27 21:00:00,0.0,,-999.0,19.46,46.29,99.24,1.23,341.6,0.0
2023-02-27 22:00:00,0.0,,-999.0,18.7,47.66,99.25,1.22,341.4,47.39
2023-02-27 23:00:00,0.0,,-999.0,18.01,48.76,99.23,1.22,342.9,37.48
2023-02-28 00:00:00,0.0,,-999.0,17.43,50.02,99.22,1.22,345.7,0.18
2023-02-28 01:00:00,0.0,,-999.0,16.82,51.4,99.19,1.2,349.0,14.25
2023-02-28 02:00:00,0.0,,-999.0,16.28,52.67,99.16,1.18,352.7,7.64
2023-02-28 03:00:00,0.0,,-999.0,15.88,53.41,99.14,1.16,358.0,2.21
2023-02-28 04:00:00,0.0,,-999.0,15.62,53.68,99.15,1.13,4.1,8.06
2023-02-28 05:00:00,0.0,,-999.0,15.65,52.8,99.19,1.06,10.9,2.21
2023-02-28 06:00:00,17.25,,0.25,16.35,51.79,99.24,0.81,22.5,3.87
2023-02-28 07:00:00,143.45,,0.4,19.0,45.44,99.31,0.5,55.7,78.81
2023-02-28 08:00:00,320.58,,0.51,21.71,39.14,99.39,0.41,171.7,42.47
2023-02-28 09:00:00,476.75,,0.56,26.96,27.47,99.43,0.82,215.0,67.61
2023-02-28 10:00:00,629.9,,0.62,30.67,19.71,99.42,1.4,254.3,49.92
2023-02-28 11:00:00,726.22,,0.66,31.97,17.9,99.37,1.79,267.1,18.53
2023-02-28 12:00:00,713.72,,0.65,32.62,17.04,99.26,2.02,277.1,39.12
2023-02-28 13:00:00,648.45,,0.63,32.58,16.84,99.18,2.13,286.9,64.67
2023-02-28 14:00:00,529.6,,0.61,31.53,17.96,99.12,1.93,301.5,39.88
2023-02-28 15:00:00,340.6,,0.52,30.27,20.39,99.09,1.47,322.2,25.04
2023-02-28 16:00:00,160.12,,0.42,28.12,32.8,99.1,0.83,353.0,36.28
2023-02-28 17:00:00,20.75,,0.23,23.77,40.89,99.13,1.09,18.1,96.05
2023-02-28 18:00:00,0.0,,-999.0,21.55,43.81,99.21,1.27,25.2,79.08
2023-02-28 19:00:00,0.0,,-999.0,20.43,45.99,99.31,1.45,25.3,85.93
2023-02-28 20:00:00,0.0,,-999.0,19.47,48.49,99.37,1.46,23.0,96.37
2023-02-28 21:00:00,0.0,,-999.0,18.55,51.0,99.39,1.31,19.7,86.52
2023-02-28 22:00:00,0.0,,-999.0,17.8,52.75,99.38,1.17,15.8,94.93
2023-02-28 23:00:00,0.0,,-999.0,17.26,53.44,99.35,1.1,12.0,96.06
2023-03-01 00:00:00,0.0,,-999.0,16.82,53.69,99.32,1.09,8.4,95.15
2023-03-01 01:00:00,0.0,,-999.0,16.26,54.25,99.28,1.11,7.3,99.61
2023-03-01 02:00:00,0.0,,-999.0,15.69,54.74,99.25,1.14,5.0,88.81
2023-03-01 03:00:00,0.0,,-999.0,15.28,54.73,99.23,1.17,3.9,93.94
2023-03-01 04:00:00,0.0,,-999.0,14.97,54.73,99.25,1.18,4.8,97.33
2023-03-01 05:00:00,0.0,,-999.0,14.78,54.97,99.32,1.17,5.4,99.84
2023-03-01 06:00:00,14.75,,0.21,15.52,54.34,99.4,1.09,6.3,98.63
2023-03-01 07:00:00,113.18,,0.31,19.64,42.22,99.5,2.03,4.8,67.79
2023-03-01 08:00:00,243.65,,0.38,22.43,36.71,99.6,1.68,11.3,77.5
2023-03-01 09:00:00,382.12,,0.44,27.22,26.45,99.64,1.55,27.7,79.07
2023-03-01 10:00:00,483.7,,0.47,29.42,22.93,99.63,0.61,17.2,61.62
2023-03-01 11:00:00,615.55,,0.56,30.94,20.46,99.55,0.44,273.9,67.51
2023-03-01 12:00:00,625.92,,0.56,31.9,18.92,99.43,0.84,259.8,66.1
2023-03-01 13:00:00,597.78,,0.58,32.21,18.34,99.32,1.16,271.0,45.17
2023-03-01 14:00:00,499.5,,0.57,32.07,18.31,99.25,1.56,283.0,58.94
2023-03-01 15:00:00,343.8,,0.52,31.27,19.22,99.21,1.86,292.4,30.67
2023-03-01 16:00:00,174.65,,0.45,28.93,30.3,99.21,1.03,303.5,4.79
2023-03-01 17:00:00,24.38,,0.27,24.94,38.91,99.23,1.07,323.3,3.61
2023-03-01 18:00:00,0.0,,-999.0,22.94,40.74,99.28,1.19,339.3,1.66
2023-03-01 19:00:00,0.0,,-999.0,21.53,43.55,99.33,1.19,351.8,16.31
2023-03-01 20:00:00,0.0,,-999.0,20.51,45.6,99.37,1.18,0.0,11.79
2023-03-01 21:00:00,0.0,,-999.0,19.78,47.1,99.39,1.16,3.0,18.77
2023-03-01 22:00:00,0.0,,-999.0,19.14,48.23,99.4,1.15,1.5,4.52
2023-03-01 23:00:00,0.0,,-999.0,18.42,49.85,99.4,1.13,357.0,2.21
